position,age,market_value,country_from,country_to,fee
Centre-Forward,21,150,Germany,England,60
Right Winger,22,35,Netherlands,England,95
Centre-Back,21,40,England,England,80
Defensive Midfield,22,60,Monaco,Spain,80
Centre-Forward,23,55,Portugal,England,75
Defensive Midfield,30,40,Spain,England,70
Centre-Forward,22,30,Spain,England,70
Centre-Back,22,70,Italy,Germany,67
Left Winger,27,70,England,England,56
Left Winger,30,70,England,Germany,32
Centre-Forward,29,70,England,Italy,8
Left-Back,24,28,England,England,65
Right Winger,24,65,Italy,Italy,40
Centre-Back,23,60,Spain,Spain,50
Centre-Forward,25,48,England,England,58
Right Winger,25,45,England,Spain,58
Centre-Back,24,32,Netherlands,England,57
Central Midfield,26,55,Italy,France,23
Centre-Forward,25,50,England,England,52
Centre-Back,24,48,Italy,England,50
Defensive Midfield,26,50,England,England,49
Central Midfield,25,50,Spain,France,18
Central Midfield,29,48,England,Italy,free transfer
Centre-Forward,33,45,Germany,Spain,45
Central Midfield,23,35,Portugal,England,45
Central Midfield,25,45,Italy,Spain,free transfer
Attacking Midfield,25,35,France,England,42
Centre-Forward,22,42,France,France,28
Central Midfield,22,30,Portugal,France,41
Centre-Back,25,35,Italy,Italy,41
Left-Back,20,40,Portugal,France,38
Left Winger,25,40,Spain,England,32
Centre-Back,29,40,Spain,England,31
Centre-Back,29,40,England,Spain,free transfer
Centre-Back,31,35,Italy,England,38
Centre-Back,22,30,France,England,37
Centre-Forward,23,30,Italy,England,36
Attacking Midfield,22,25,Portugal,England,35
Centre-Back,26,12,France,England,35
Left-Back,25,25,England,England,35
Defensive Midfield,20,10,France,England,35
Centre-Forward,28,35,Netherlands,Germany,31
Right Winger,20,35,Austria,Germany,30
Central Midfield,25,35,England,England,29
Centre-Forward,26,35,England,Germany,20
Central Midfield,20,35,Netherlands,Germany,18
Centre-Back,26,35,Germany,Germany,free transfer
Centre-Back,26,35,England,Spain,free transfer
Second Striker,28,35,Italy,Italy,free transfer
Centre-Back,22,33,Germany,Germany,20
Attacking Midfield,21,25,Austria,England,32
Attacking Midfield,21,30,Belgium,Italy,32
Left Winger,24,18,England,Netherlands,31
Centre-Back,27,30,Germany,England,17
Defensive Midfield,26,30,England,Italy,15
Left-Back,24,30,Spain,England,5
Central Midfield,25,30,England,Italy,0.5
Left-Back,25,30,Germany,Germany,loan transfer
Attacking Midfield,22,11,England,England,29
Central Midfield,24,28,France,France,15
Defensive Midfield,27,28,England,England,15
Second Striker,22,28,Italy,Italy,5
Centre-Forward,20,28,France,France,loan transfer
Defensive Midfield,22,27,Austria,Monaco,15
Central Midfield,24,27,Germany,Germany,12
Defensive Midfield,25,27,Italy,England,3
Left-Back,24,20,Germany,Germany,26
Left Winger,23,25,Netherlands,England,25
Centre-Back,24,25,Italy,Italy,20
Defensive Midfield,26,25,Portugal,England,20
Centre-Forward,25,25,Germany,England,18
Central Midfield,23,25,England,France,11
Right-Back,22,25,England,Portugal,8
Left Winger,28,25,Spain,Netherlands,4
Left Winger,31,25,Italy,Canada,free transfer
Defensive Midfield,22,25,France,England,free transfer
Centre-Back,29,25,England,England,loan transfer
Right Winger,27,25,England,France,loan transfer
Right Winger,21,25,England,Germany,loan transfer
Left-Back,25,25,England,Spain,loan transfer
Centre-Back,21,10,England,England,24
Left Winger,22,18,England,England,24
Left Midfield,29,24,Germany,Italy,12
Second Striker,27,23,Italy,Italy,23
Centre-Back,22,10,Scotland,Netherlands,23
Left Winger,25,19,Italy,Italy,22
Left Winger,22,20,Monaco,France,22
Centre-Back,25,22,France,England,12
Right Winger,24,22,Italy,France,8
Centre-Back,29,22,England,England,free transfer
Central Midfield,26,22,England,Spain,loan transfer
Defensive Midfield,26,22,Portugal,Germany,loan transfer
Centre-Back,26,22,England,England,loan transfer
Central Midfield,22,13,Italy,Italy,21
Left Winger,25,15,England,England,20
Centre-Forward,24,20,Germany,England,20
Left Winger,30,20,Spain,England,20
Centre-Back,22,15,Portugal,Portugal,20
Right-Back,21,8,England,England,20
Centre-Forward,17,2,France,Germany,20
Right-Back,24,20,Italy,Spain,20
Centre-Forward,20,18,France,France,20
Centre-Forward,25,18,Spain,Spain,20
Left-Back,24,20,Spain,England,17
Right Winger,25,20,Ukraine,Portugal,15
Right-Back,23,20,Ukraine,Italy,14
Left Winger,19,20,Czech Republic,Germany,13
Right-Back,24,20,Germany,France,12
Central Midfield,30,20,Italy,England,9
Defensive Midfield,26,20,England,Turkey,6
Right Winger,22,20,Spain,Portugal,3
Attacking Midfield,27,20,Italy,Italy,1
Right-Back,24,20,Netherlands,Germany,free transfer
Attacking Midfield,30,20,England,England,free transfer
Centre-Forward,23,20,Italy,Italy,loan transfer
Central Midfield,20,20,Spain,Spain,loan transfer
Centre-Forward,28,20,Italy,Italy,free transfer
Right-Back,27,20,England,Spain,free transfer
Left Winger,21,12,England,England,19
Centre-Back,22,15,Italy,France,19
Left-Back,28,4,England,Italy,19
Centre-Back,25,14,Turkey,Italy,18
Central Midfield,18,6,England,England,18
Left-Back,19,17,Italy,England,18
Left-Back,20,18,Italy,England,16
Centre-Forward,28,18,France,France,15
Right Winger,25,18,Spain,Spain,14
Centre-Forward,26,18,England,England,11
Centre-Back,26,18,Germany,England,10
Attacking Midfield,27,18,Italy,Italy,7
Right-Back,25,18,France,Italy,7
Central Midfield,26,18,Italy,England,4
Left Winger,28,18,France,Portugal,2
Centre-Back,26,18,France,Germany,1
Centre-Back,28,18,Germany,Germany,free transfer
Attacking Midfield,29,18,England,England,free transfer
Goalkeeper,25,18,England,England,loan transfer
Left-Back,29,18,England,Spain,loan transfer
Central Midfield,31,18,France,Italy,loan transfer
Right-Back,21,18,Spain,Italy,loan transfer
Central Midfield,29,18,England,France,loan transfer
Right Winger,24,18,England,England,loan transfer
Centre-Back,25,10,England,England,17
Left-Back,26,17,England,England,17
Defensive Midfield,23,17,Germany,England,17
Centre-Forward,19,4,Austria,Italy,17
Centre-Back,24,10,France,England,17
Left-Back,22,17,Netherlands,England,15
Centre-Back,25,17,Netherlands,England,15
Central Midfield,29,17,Italy,France,11
Centre-Forward,26,17,Italy,Italy,10
Left-Back,19,17,Italy,Italy,4
Centre-Forward,27,17,Italy,Italy,3
Centre-Back,27,17,Italy,Italy,free transfer
Centre-Back,27,17,Portugal,France,free transfer
Left-Back,19,17,England,Italy,loan transfer
Defensive Midfield,28,17,France,Italy,loan transfer
Centre-Forward,24,17,France,Spain,loan transfer
Attacking Midfield,25,17,France,Turkey,loan transfer
Centre-Forward,26,16,Germany,England,16
Centre-Forward,20,9,Germany,Netherlands,16
Centre-Back,20,9,Germany,Spain,16
Centre-Forward,26,15,Portugal,Belgium,16
Centre-Back,25,16,France,England,10
Centre-Back,25,16,Germany,Portugal,9
Centre-Forward,28,16,Italy,France,8
Centre-Forward,28,16,France,Italy,0.9
Centre-Forward,23,16,France,Germany,free transfer
Centre-Back,25,16,Italy,Spain,free transfer
Attacking Midfield,25,16,Italy,Italy,loan transfer
Centre-Forward,24,16,Spain,Italy,free transfer
Right Winger,26,16,England,Turkey,loan transfer
Attacking Midfield,26,16,England,Turkey,loan transfer
Defensive Midfield,22,15,France,England,22
Left Winger,27,12,England,Monaco,15
Left Winger,22,15,Italy,England,15
Central Midfield,19,1,Italy,England,15
Left Winger,26,15,Portugal,Brazil,13
Right-Back,24,15,Austria,England,13
Central Midfield,24,15,Germany,England,13
Centre-Forward,25,15,Germany,Monaco,12
Centre-Forward,33,15,Spain,England,12
Goalkeeper,30,15,England,England,11
Left-Back,24,15,Spain,Italy,11
Centre-Forward,18,15,France,Spain,11
Left Winger,21,15,Georgia,Italy,10
Central Midfield,21,15,Argentina,Portugal,10
Central Midfield,23,15,Italy,Germany,9
Right-Back,29,15,France,France,7
Centre-Back,22,15,Belgium,Italy,6
Centre-Back,24,15,England,Germany,3
Centre-Forward,31,15,England,France,free transfer
Central Midfield,27,15,Germany,France,free transfer
Centre-Forward,20,15,England,Belgium,loan transfer
Left-Back,22,15,England,France,loan transfer
Defensive Midfield,26,15,England,Italy,loan transfer
Right Winger,20,15,England,England,loan transfer
Left Winger,23,15,Italy,Spain,loan transfer
Centre-Forward,24,14,England,England,14
Right-Back,21,8,England,England,14
Left Winger,24,14,United States,Turkey,5
Left-Back,28,14,England,England,15
Goalkeeper,20,5,England,England,14
Centre-Forward,24,12,France,France,14
Centre-Back,26,14,Turkey,Spain,12
Attacking Midfield,23,14,Russia,Netherlands,2
Goalkeeper,29,14,France,Netherlands,free transfer
Centre-Forward,29,14,England,Turkey,loan transfer
Central Midfield,24,14,England,Spain,loan transfer
Right Winger,19,14,England,Portugal,loan transfer
Defensive Midfield,18,10,France,Austria,13
Centre-Forward,19,3,France,England,13
Centre-Back,20,7,Italy,France,13
Left-Back,21,10,Belgium,England,13
Defensive Midfield,26,12,Netherlands,Portugal,13
Defensive Midfield,24,13,Germany,Germany,5
Right Winger,23,13,France,Belgium,loan transfer
Centre-Back,21,13,England,Italy,loan transfer
Defensive Midfield,18,2,England,England,12
Goalkeeper,27,12,Italy,France,12
Defensive Midfield,25,7,Germany,England,12
Centre-Forward,21,4,Uruguay,Italy,12
Centre-Back,22,7,Germany,England,12
Defensive Midfield,21,3,Russia,France,12
Centre-Back,23,7,Belgium,Germany,12
Right Winger,19,12,Brazil,Portugal,10
Central Midfield,21,12,England,England,10
Goalkeeper,23,12,Spain,Italy,10
Centre-Forward,30,12,Spain,Spain,10
Left-Back,22,12,Netherlands,Netherlands,10
Central Midfield,26,12,England,Portugal,9
Defensive Midfield,20,12,Italy,Italy,8
Right Winger,21,12,Brazil,Spain,8
Attacking Midfield,25,12,France,Germany,6
Attacking Midfield,19,12,England,England,5
Second Striker,30,12,Italy,Turkey,4
Central Midfield,32,12,France,England,4
Central Midfield,30,12,Portugal,Turkey,3
Centre-Forward,26,12,Spain,Turkey,3
Centre-Forward,27,12,Italy,Italy,2
Central Midfield,26,12,Italy,Italy,1
Centre-Forward,25,12,Spain,Italy,1
Centre-Forward,27,12,Germany,Italy,1
Goalkeeper,29,12,England,England,free transfer
Goalkeeper,26,12,Netherlands,Italy,free transfer
Centre-Forward,27,12,England,Italy,free transfer
Centre-Back,27,12,Spain,England,loan transfer
Right Winger,34,12,France,Italy,free transfer
Centre-Forward,23,12,United States,Spain,loan transfer
Right Winger,27,12,Spain,Spain,free transfer
Centre-Back,22,12,France,England,loan transfer
Left-Back,31,12,England,Spain,free transfer
Central Midfield,23,4,England,England,11
Second Striker,18,11,Paraguay,England,11
Centre-Forward,22,6,Netherlands,Spain,11
Centre-Forward,21,11,Germany,Italy,8
Central Midfield,24,11,Brazil,Italy,8
Left-Back,29,11,Netherlands,France,4
Central Midfield,25,11,Greece,Italy,1
Central Midfield,23,2,Wales,England,10
Central Midfield,23,6,Brazil,England,10
Defensive Midfield,21,7,England,England,10
Left Winger,20,10,Poland,Germany,10
Left-Back,23,5,England,Portugal,10
Right Winger,22,8,Italy,Germany,10
Centre-Back,20,10,Germany,England,10
Right-Back,22,4,France,England,10
Attacking Midfield,23,5,Belgium,Italy,10
Centre-Forward,24,9,Spain,France,10
Right Winger,29,7,Belgium,France,10
Centre-Forward,25,9,Spain,Spain,10
Defensive Midfield,21,5,Denmark,Belgium,10
Right Winger,23,7,France,Italy,10
Centre-Forward,20,6,France,Spain,10
Left Winger,24,10,Germany,Italy,9
Goalkeeper,25,10,Italy,Italy,8
Defensive Midfield,25,10,Italy,Italy,8
Central Midfield,25,10,Scotland,England,7
Centre-Forward,24,10,Portugal,Italy,7
Second Striker,28,10,Italy,Italy,5
Centre-Back,22,10,Germany,Germany,5
Second Striker,18,10,Switzerland,England,4
Centre-Forward,22,10,Spain,Spain,4
Attacking Midfield,30,10,Netherlands,Germany,4
Defensive Midfield,20,10,Italy,Italy,4
Left Winger,27,10,England,Turkey,4
Centre-Forward,28,10,England,Turkey,3
Second Striker,28,10,Italy,Italy,3
Right-Back,27,10,France,Turkey,2
Central Midfield,19,10,Germany,Italy,2
Centre-Forward,26,10,Germany,Spain,1
Goalkeeper,28,10,Italy,Italy,0.4
Left-Back,21,10,Spain,Spain,0.2
Left Winger,27,10,Turkey,Belgium,free transfer
Left Midfield,33,10,Italy,England,free transfer
Goalkeeper,27,10,Italy,Italy,loan transfer
Right Winger,28,10,Italy,Canada,free transfer
Attacking Midfield,26,10,Italy,Italy,loan transfer
Central Midfield,27,10,England,England,loan transfer
Central Midfield,33,10,France,Spain,loan transfer
Defensive Midfield,20,10,Italy,Italy,loan transfer
Centre-Back,25,10,Germany,Italy,loan transfer
Centre-Forward,26,10,France,Germany,loan transfer
Right Midfield,25,10,England,England,loan transfer
Attacking Midfield,25,10,Germany,France,loan transfer
Centre-Forward,22,7,Belgium,France,9
Centre-Forward,23,9,England,United States,9
Centre-Forward,21,8,Argentina,Brazil,9
Attacking Midfield,26,7,England,England,9
Centre-Back,19,2,Turkey,Netherlands,9
Central Midfield,23,3,England,England,9
Goalkeeper,29,8,France,England,9
Goalkeeper,18,3,United States,England,9
Centre-Back,22,7,Netherlands,Italy,9
Right-Back,20,5,Italy,Italy,9
Centre-Back,20,3,France,France,9
Centre-Back,24,9,Belgium,Italy,8
Centre-Forward,25,9,United States,France,6
Centre-Forward,29,9,Turkey,Denmark,6
Right-Back,27,9,Germany,England,5
Goalkeeper,30,9,England,England,3
Defensive Midfield,25,9,Croatia,Germany,3
Right Winger,27,9,England,Netherlands,2
Goalkeeper,26,9,France,Spain,2
Defensive Midfield,24,9,Russia,Italy,1
Centre-Forward,19,9,Germany,Netherlands,0.5
Right Winger,30,9,Spain,Spain,loan transfer
Goalkeeper,25,9,England,England,?
Attacking Midfield,24,9,Spain,Spain,loan transfer
Centre-Back,25,9,Spain,Spain,loan transfer
Left-Back,23,9,Italy,Germany,loan transfer
Centre-Forward,28,9,Spain,United Arab Emirates,free transfer
Defensive Midfield,26,9,England,Turkey,loan transfer
Central Midfield,19,9,Germany,Spain,loan transfer
Central Midfield,29,9,France,Qatar,free transfer
Right Winger,24,8,Netherlands,Germany,8
Centre-Back,23,8,Brazil,Portugal,8
Left-Back,24,7,Germany,England,8
Left-Back,22,5,Italy,Italy,8
Central Midfield,24,8,Italy,Italy,4
Right-Back,24,7,Czech Republic,Portugal,8
Left Winger,20,1,Denmark,England,8
Central Midfield,22,5,Portugal,Spain,8
Right Winger,22,2,France,Germany,8
Central Midfield,22,8,Ukraine,Italy,7
Centre-Back,18,8,Brazil,Spain,7
Centre-Forward,29,8,Germany,Germany,6
Right Winger,21,8,Germany,Germany,5
Right Winger,24,8,Russia,Denmark,5
Right Winger,19,8,Portugal,Netherlands,5
Centre-Back,21,8,France,Italy,5
Centre-Forward,27,8,Portugal,England,5
Left Winger,27,8,France,United States,4
Central Midfield,22,8,Switzerland,Switzerland,3
Attacking Midfield,27,8,Spain,Turkey,3
Left Winger,28,8,Spain,Spain,1
Centre-Forward,30,8,Portugal,Turkey,1
Centre-Back,23,8,England,Monaco,1
Centre-Back,27,8,Spain,Spain,0.75
Attacking Midfield,30,8,Canada,United States,0.136
Centre-Back,32,8,England,Turkey,free transfer
Defensive Midfield,27,8,England,England,loan transfer
Centre-Forward,25,8,Russia,Germany,free transfer
Attacking Midfield,33,8,Italy,Italy,free transfer
Right Winger,21,8,England,France,loan transfer
Centre-Forward,30,8,England,Turkey,free transfer
Left Winger,20,8,England,Netherlands,loan transfer
Centre-Back,22,8,Italy,Netherlands,loan transfer
Right-Back,24,8,France,Spain,loan transfer
Right Winger,22,8,Germany,Belgium,loan transfer
Attacking Midfield,20,8,Spain,Spain,loan transfer
Central Midfield,18,8,England,Netherlands,loan transfer
Goalkeeper,22,8,Italy,Italy,loan transfer
Centre-Forward,26,8,Spain,Spain,free transfer
Left Winger,20,8,Spain,Spain,loan transfer
Centre-Forward,28,7,Italy,Spain,7
Defensive Midfield,22,4,Croatia,Germany,7
Left Winger,23,7,Portugal,Scotland,7
Centre-Back,24,7,Italy,Italy,7
Right Winger,21,7,Spain,Spain,6
Attacking Midfield,24,7,Russia,Netherlands,3
Central Midfield,27,7,Germany,Germany,free transfer
Left Midfield,30,7,Saudi Arabia,Turkey,loan transfer
Attacking Midfield,30,7,Spain,Spain,free transfer
Central Midfield,25,7,Turkey,United Arab Emirates,loan transfer
Central Midfield,21,4,Netherlands,Netherlands,7
Centre-Back,24,7,England,Scotland,7
Centre-Back,21,5,Monaco,Austria,7
Centre-Back,22,7,Italy,Italy,7
Centre-Forward,26,7,Qatar,Saudi Arabia,7
Centre-Back,21,6,Germany,Italy,7
Left Winger,20,7,Brazil,Spain,7
Left Winger,22,7,Portugal,Spain,6
Attacking Midfield,24,7,Argentina,Russia,6
Centre-Forward,26,7,Switzerland,Germany,6
Central Midfield,23,7,Argentina,Brazil,6
Centre-Back,28,7,France,Turkey,5
Centre-Back,33,7,Qatar,Belgium,4
Centre-Forward,29,7,France,England,4
Right Winger,19,7,Brazil,England,3
Right-Back,22,7,Italy,Italy,3
Defensive Midfield,29,7,Brazil,Turkey,3
Central Midfield,26,7,Italy,Germany,3
Left Winger,26,7,Belgium,Spain,3
Right Winger,25,7,Italy,France,3
Defensive Midfield,26,7,Russia,Scotland,1
Right-Back,22,7,France,Italy,0.7
Centre-Back,23,7,Portugal,Germany,0.5
Left-Back,25,7,France,Germany,free transfer
Central Midfield,27,7,England,England,free transfer
Centre-Back,20,7,England,England,loan transfer
Central Midfield,26,7,Italy,Italy,loan transfer
Centre-Forward,21,7,Italy,Italy,loan transfer
Right-Back,23,7,France,France,loan transfer
Left-Back,26,7,France,Saudi Arabia,free transfer
Goalkeeper,27,7,Italy,England,free transfer
Left Winger,22,7,Spain,Spain,loan transfer
Central Midfield,22,7,Spain,United States,free transfer
Left Winger,25,7,Mexico,Brazil,loan transfer
Centre-Forward,29,7,England,Greece,loan transfer
Centre-Back,28,7,England,England,loan transfer
Centre-Back,29,7,Germany,Portugal,free transfer
Defensive Midfield,20,7,Italy,France,loan transfer
Defensive Midfield,24,7,Spain,Portugal,loan transfer
Left Winger,26,7,England,Spain,?
Centre-Forward,29,3,Colombia,Argentina,6
Right Winger,18,6,Brazil,France,6
Centre-Forward,27,6,Belgium,Italy,6
Centre-Back,27,5,England,Mexico,6
Central Midfield,23,6,Portugal,Turkey,6
Right Winger,26,6,Portugal,France,6
Left-Back,21,6,Turkey,Scotland,4
Centre-Forward,24,6,Egypt,Turkey,3
Centre-Back,24,6,Italy,France,3
Attacking Midfield,21,6,Argentina,Belgium,3
Defensive Midfield,28,6,Italy,Brazil,2
Centre-Forward,24,6,Turkey,France,0.25
Centre-Back,27,6,Germany,Germany,free transfer
Right Winger,28,6,England,England,free transfer
Attacking Midfield,32,6,France,France,free transfer
Defensive Midfield,25,6,Germany,Italy,loan transfer
Defensive Midfield,25,5,Switzerland,Russia,6
Goalkeeper,28,5,United States,England,6
Left-Back,19,3,Netherlands,Belgium,6
Centre-Forward,23,5,Ukraine,Austria,6
Centre-Back,21,0.5,Spain,Italy,6
Defensive Midfield,22,6,Argentina,Brazil,6
Central Midfield,20,0.8,Argentina,Belgium,6
Centre-Back,24,4,Czech Republic,Netherlands,6
Centre-Forward,19,6,Italy,Italy,6
Attacking Midfield,25,6,Denmark,Greece,6
Centre-Forward,31,6,England,United States,5
Centre-Forward,28,6,Saudi Arabia,Mexico,5
Right-Back,25,6,Portugal,Turkey,4
Centre-Back,23,6,Sweden,England,4
Right Winger,31,6,Italy,Italy,4
Left Winger,24,6,Germany,Netherlands,4
Left-Back,21,6,Spain,Spain,4
Left Winger,25,6,Spain,China,4
Left Winger,29,6,Spain,Mexico,3
Centre-Forward,21,6,Russia,Russia,3
Central Midfield,28,6,Netherlands,Turkey,3
Right Winger,21,6,Portugal,Spain,3
Centre-Back,31,6,England,England,2
Goalkeeper,24,6,Italy,Italy,2
Centre-Back,28,6,England,France,2
Central Midfield,33,6,Spain,Denmark,1
Defensive Midfield,25,6,Italy,Belgium,1
Centre-Back,31,6,Spain,Turkey,1
Centre-Forward,21,6,Italy,Netherlands,1
Right Winger,24,6,Italy,Spain,1
Attacking Midfield,30,6,France,Germany,0.5
Centre-Forward,26,6,France,Spain,0.4
Centre-Forward,24,6,Turkey,Germany,0.3
Centre-Forward,33,6,Russia,Turkey,free transfer
Centre-Back,25,6,Russia,Germany,free transfer
Defensive Midfield,28,6,France,Brazil,free transfer
Left Winger,27,6,Netherlands,Turkey,loan transfer
Right-Back,20,6,England,Netherlands,loan transfer
Goalkeeper,29,6,Germany,England,free transfer
Centre-Forward,24,6,Germany,Germany,free transfer
Centre-Forward,22,6,England,Italy,loan transfer
Goalkeeper,27,6,England,England,loan transfer
Left Winger,20,6,France,Brazil,loan transfer
Right Winger,18,6,France,Netherlands,loan transfer
Centre-Back,22,6,Spain,Italy,?
Centre-Back,23,6,Spain,Spain,free transfer
Right Midfield,26,6,Italy,Italy,loan transfer
Left Winger,20,6,Netherlands,Denmark,loan transfer
Left Winger,21,6,France,Greece,loan transfer
Centre-Forward,26,6,England,Germany,free transfer
Centre-Back,24,6,Germany,Italy,loan transfer
Central Midfield,24,6,France,France,loan transfer
Attacking Midfield,19,6,England,England,loan transfer
Attacking Midfield,24,6,France,France,loan transfer
Left-Back,28,6,France,Spain,loan transfer
Centre-Forward,31,6,Spain,Spain,free transfer
Left Winger,27,6,England,Wales,?
Attacking Midfield,20,6,France,France,free transfer
Centre-Forward,25,3,Belgium,England,5
Central Midfield,18,-,England,England,5
Left Winger,29,3,Mexico,Mexico,5
Centre-Forward,25,3,Italy,Italy,5
Centre-Forward,28,2,Mexico,Belgium,5
Centre-Back,19,5,France,France,5
Central Midfield,28,5,Belgium,Belgium,5
Left-Back,30,5,Spain,Spain,5
Central Midfield,23,5,Germany,Germany,5
Attacking Midfield,27,5,Romania,United Arab Emirates,3
Right-Back,31,5,Italy,Italy,2
Left Winger,23,5,Russia,Scotland,2
Right Winger,26,5,Argentina,Brazil,free transfer
Left Winger,25,3,Saudi Arabia,Saudi Arabia,5
Centre-Forward,34,3,Germany,Germany,5
Attacking Midfield,19,3,Spain,Spain,5
Centre-Forward,24,5,Portugal,Portugal,5
Centre-Forward,23,3,Spain,Belgium,5
Central Midfield,18,5,Sweden,Spain,5
Defensive Midfield,22,3,France,France,5
Centre-Forward,27,3,Greece,Greece,5
Centre-Forward,21,4,Monaco,Italy,5
Centre-Back,25,5,England,Germany,5
Goalkeeper,28,2,England,France,5
Left-Back,22,3,France,Italy,5
Centre-Forward,27,5,Italy,Italy,5
Left Winger,19,1,Romania,France,5
Left-Back,28,3,England,Italy,5
Centre-Back,22,5,England,Italy,5
Central Midfield,27,5,Spain,Spain,5
Centre-Forward,25,5,Italy,Italy,5
Central Midfield,22,3,Germany,Belgium,5
Right Winger,25,4,Portugal,Brazil,5
Right-Back,24,5,Mexico,Netherlands,5
Left Winger,22,0.8,Brazil,Netherlands,5
Right-Back,18,5,Scotland,England,4
Centre-Forward,23,5,France,France,4
Centre-Forward,24,5,Czech Republic,Portugal,4
Defensive Midfield,19,5,France,France,4
Centre-Forward,25,5,Russia,Spain,4
Centre-Back,21,5,Italy,Italy,4
Defensive Midfield,22,5,France,France,4
Centre-Back,24,5,Germany,Germany,3
Defensive Midfield,25,5,Portugal,Portugal,3
Attacking Midfield,23,5,Portugal,Turkey,3
Centre-Back,24,5,Germany,Belgium,3
Centre-Back,28,5,Greece,Qatar,3
Centre-Forward,22,5,Belgium,Turkey,3
Centre-Back,20,5,Croatia,Germany,3
Right-Back,24,5,Germany,Spain,3
Central Midfield,26,5,Belgium,England,3
Centre-Forward,25,5,France,Portugal,3
Centre-Forward,31,5,Spain,Spain,3
Centre-Forward,23,5,Belgium,France,3
Centre-Back,27,5,Turkey,Turkey,2
Centre-Forward,25,5,Mexico,Mexico,2
Central Midfield,27,5,Russia,Spain,2
Central Midfield,29,5,England,France,2
Right Midfield,28,5,France,France,2
Centre-Forward,25,5,France,Turkey,2
Centre-Back,23,5,France,France,1
Central Midfield,28,5,Germany,Germany,1
Centre-Forward,25,5,Russia,Czech Republic,1
Left Winger,25,5,Greece,Turkey,1
Central Midfield,27,5,United States,Canada,0.955
Centre-Back,27,5,Belgium,Italy,0.6
Left-Back,28,5,Spain,England,0.5
Goalkeeper,30,5,Spain,Denmark,0.5
Central Midfield,27,5,Spain,Italy,0.3
Central Midfield,32,5,Spain,United States,free transfer
Centre-Back,24,5,Germany,Germany,free transfer
Left Winger,33,5,Turkey,Saudi Arabia,free transfer
Centre-Forward,32,5,Spain,Spain,free transfer
Right Winger,26,5,Russia,Russia,free transfer
Defensive Midfield,33,5,England,Italy,free transfer
Left Winger,32,5,Qatar,Qatar,free transfer
Right-Back,30,5,Spain,Greece,free transfer
Goalkeeper,33,5,Italy,Saudi Arabia,free transfer
Centre-Forward,20,5,Italy,Belgium,loan transfer
Central Midfield,30,5,England,England,free transfer
Left Winger,28,5,England,Scotland,free transfer
Central Midfield,30,5,England,England,loan transfer
Centre-Back,28,5,Canada,Mexico,free transfer
Goalkeeper,31,5,Monaco,Spain,loan transfer
Left-Back,22,5,Italy,Italy,loan transfer
Left-Back,20,5,England,England,loan transfer
Central Midfield,31,5,China,Scotland,free transfer
Right-Back,24,5,Germany,France,loan transfer
Right-Back,20,5,England,Spain,loan transfer
Left-Back,23,5,Portugal,England,loan transfer
Attacking Midfield,31,5,Brazil,Brazil,free transfer
Central Midfield,25,5,Netherlands,Netherlands,free transfer
Left-Back,28,5,England,Turkey,loan transfer
Centre-Back,30,5,England,England,loan transfer
Centre-Back,19,5,England,England,loan transfer
Central Midfield,24,5,Italy,Italy,loan transfer
Goalkeeper,30,5,Spain,Spain,free transfer
Centre-Back,28,5,England,Italy,loan transfer
Central Midfield,28,5,Portugal,Brazil,loan transfer
Defensive Midfield,22,5,Spain,Spain,loan transfer
Central Midfield,21,5,France,Germany,loan transfer
Centre-Forward,21,5,England,England,loan transfer
Left-Back,24,5,Italy,Italy,loan transfer
Centre-Back,20,5,England,Germany,loan transfer
Right Winger,25,5,France,Italy,loan transfer
Defensive Midfield,30,5,England,Spain,?
Attacking Midfield,30,5,Italy,Italy,loan transfer
Left-Back,29,5,France,England,loan transfer
Centre-Back,22,5,Italy,Italy,loan transfer
Central Midfield,28,5,Portugal,Italy,loan transfer
Left Winger,21,5,Spain,Spain,loan transfer
Centre-Back,23,5,England,France,loan transfer
Attacking Midfield,29,4,United Arab Emirates,Turkey,free transfer
Centre-Forward,27,2,Ecuador,Mexico,4
Defensive Midfield,24,4,Turkey,Saudi Arabia,2
Attacking Midfield,26,3,Germany,Germany,4
Centre-Forward,25,4,Russia,Russia,4
Centre-Back,26,3,Italy,Denmark,4
Centre-Forward,21,2,Turkey,England,4
Central Midfield,18,3,Turkey,Italy,4
Central Midfield,26,4,Spain,Spain,4
Central Midfield,20,3,Greece,Portugal,4
Defensive Midfield,24,4,France,Norway,4
Centre-Back,20,4,Argentina,Belgium,4
Second Striker,21,4,Germany,Germany,4
Centre-Forward,28,4,Portugal,Greece,3
Centre-Back,22,4,Germany,Germany,2
Central Midfield,32,4,England,France,2
Attacking Midfield,21,4,Argentina,Netherlands,2
Goalkeeper,26,4,Italy,Italy,1
Centre-Forward,31,4,Greece,Brazil,1
Centre-Back,29,4,Scotland,France,1
Centre-Back,23,4,Japan,Germany,0.4
Centre-Forward,23,4,Mexico,Mexico,free transfer
Attacking Midfield,20,4,Brazil,Brazil,loan transfer
Centre-Forward,25,4,England,Germany,free transfer
Centre-Forward,28,4,Germany,Germany,free transfer
Defensive Midfield,23,4,Belgium,Spain,loan transfer
Right-Back,25,4,France,Italy,free transfer
Centre-Forward,24,4,Belgium,Italy,?
Left Winger,28,4,Ukraine,Greece,free transfer
Centre-Forward,28,4,United Arab Emirates,United Arab Emirates,loan transfer
Central Midfield,27,4,Italy,Switzerland,loan transfer
Left Winger,29,4,United Arab Emirates,Greece,free transfer
Centre-Back,24,4,Argentina,Germany,?
Attacking Midfield,24,4,France,France,loan transfer
Attacking Midfield,28,4,Turkey,England,loan transfer
Centre-Back,22,4,Germany,England,loan transfer
Left-Back,21,3,Argentina,Scotland,4
Centre-Forward,26,3,Argentina,Mexico,4
Central Midfield,21,4,Germany,Netherlands,0.5
Right Winger,21,1,Chile,Argentina,4
Centre-Back,21,1,Uruguay,Russia,4
Centre-Back,29,4,Italy,Turkey,free transfer
Centre-Forward,23,2,Italy,Netherlands,4
Left Winger,24,3,Sweden,France,4
Left Winger,22,4,United States,Mexico,5
Central Midfield,23,2,Italy,Italy,4
Central Midfield,25,3,Switzerland,Italy,4
Goalkeeper,24,3,Italy,Italy,4
Centre-Forward,25,3,Belgium,Belgium,4
Centre-Back,22,3,Italy,Croatia,4
Central Midfield,25,3,Denmark,Germany,4
Centre-Back,23,3,Russia,Italy,4
Left Winger,23,4,Turkey,England,4
Left-Back,23,2,France,Italy,4
Centre-Forward,21,4,Mexico,Netherlands,4
Right Winger,25,3,Belgium,England,4
Attacking Midfield,24,3,Portugal,Portugal,4
Left Winger,19,2,France,France,4
Centre-Back,21,0.8,Colombia,Italy,4
Left Winger,21,1,Belgium,England,4
Left Winger,24,1,Portugal,Portugal,4
Defensive Midfield,27,4,Portugal,Portugal,3
Defensive Midfield,24,4,Belgium,Italy,3
Centre-Forward,23,4,England,England,3
Centre-Forward,29,4,Mexico,Mexico,3
Central Midfield,23,4,Russia,Italy,3
Right-Back,23,4,Spain,Spain,3
Centre-Back,30,4,Spain,Mexico,3
Centre-Forward,31,4,Spain,Netherlands,3
Right Winger,21,4,Germany,Scotland,3
Centre-Forward,28,4,Uruguay,Brazil,2
Goalkeeper,33,4,England,England,2
Central Midfield,28,4,Spain,Spain,1
Right-Back,25,4,Mexico,Mexico,1
Central Midfield,24,4,Germany,Germany,1
Defensive Midfield,23,4,Netherlands,Netherlands,1
Goalkeeper,34,4,Portugal,Spain,1
Goalkeeper,35,4,England,France,1
Central Midfield,23,4,France,Portugal,1
Centre-Back,27,4,France,Italy,1
Centre-Forward,31,4,Argentina,Brazil,0.9
Central Midfield,21,4,Germany,Germany,0.5
Centre-Back,23,4,Italy,Italy,0.5
Right-Back,27,4,Portugal,France,0.5
Central Midfield,26,4,United Arab Emirates,Turkey,0.42
Goalkeeper,24,4,Spain,Spain,0.4
Centre-Forward,26,4,Brazil,"Korea, South",0.2
Centre-Forward,20,4,Germany,Netherlands,0.2
Central Midfield,26,4,Spain,Spain,free transfer
Centre-Back,22,4,France,Switzerland,?
Right Winger,21,4,France,Switzerland,?
Centre-Back,24,4,Netherlands,Germany,free transfer
Left Winger,24,4,France,France,free transfer
Centre-Forward,23,4,Netherlands,Netherlands,free transfer
Centre-Forward,35,4,England,Spain,free transfer
Central Midfield,27,4,Turkey,England,free transfer
Centre-Forward,30,4,France,Turkey,free transfer
Centre-Forward,31,4,France,France,free transfer
Right-Back,25,4,England,Germany,free transfer
Centre-Forward,34,4,Spain,Spain,free transfer
Attacking Midfield,19,4,France,Netherlands,free transfer
Right-Back,27,4,France,France,free transfer
Centre-Forward,21,4,Italy,Italy,loan transfer
Central Midfield,25,4,Spain,Spain,free transfer
Defensive Midfield,25,4,England,Germany,loan transfer
Central Midfield,29,4,Spain,Greece,free transfer
Defensive Midfield,33,4,Germany,Spain,free transfer
Left Winger,26,4,France,Italy,loan transfer
Goalkeeper,33,4,Spain,Spain,free transfer
Centre-Forward,22,4,Russia,Italy,free transfer
Right-Back,30,4,Spain,Spain,free transfer
Right Winger,27,4,Italy,Spain,free transfer
Left Winger,28,4,Mexico,Uruguay,loan transfer
Central Midfield,26,4,Spain,Greece,loan transfer
Centre-Back,21,4,England,England,loan transfer
Attacking Midfield,25,4,Belgium,France,loan transfer
Left Winger,27,4,United States,Saudi Arabia,loan transfer
Left Winger,26,4,Spain,Netherlands,loan transfer
Attacking Midfield,32,4,Portugal,United Arab Emirates,free transfer
Defensive Midfield,25,4,Portugal,England,loan transfer
Defensive Midfield,24,4,England,England,loan transfer
Attacking Midfield,30,4,Italy,Italy,free transfer
Centre-Back,25,4,Portugal,Croatia,loan transfer
Centre-Forward,21,4,England,France,loan transfer
Centre-Back,20,4,Portugal,Germany,loan transfer
Attacking Midfield,28,4,Germany,Germany,free transfer
Centre-Forward,35,4,Italy,Turkey,free transfer
Left Midfield,26,4,Spain,Czech Republic,loan transfer
Central Midfield,24,4,England,England,loan transfer
Attacking Midfield,21,4,United States,Netherlands,loan transfer
Defensive Midfield,32,4,England,England,free transfer
Attacking Midfield,23,4,Spain,Spain,loan transfer
Centre-Forward,27,4,France,France,free transfer
Right-Back,21,4,England,France,loan transfer
Centre-Back,24,4,France,Greece,free transfer
Left Winger,22,4,United States,United States,free transfer
Centre-Back,27,4,England,England,loan transfer
Left-Back,28,4,Italy,England,loan transfer
defence,23,4,Portugal,Portugal,loan transfer
Right Winger,26,4,Spain,France,loan transfer
Right Winger,30,4,Spain,Spain,?
Attacking Midfield,27,4,Italy,Italy,loan transfer
Centre-Forward,23,4,Brazil,Portugal,loan transfer
Centre-Forward,20,4,Italy,Italy,loan transfer
Left Winger,21,4,Switzerland,Netherlands,loan transfer
Right Winger,34,4,Brazil,England,free transfer
Left Winger,24,4,Italy,Italy,?
Centre-Back,34,4,Italy,Italy,loan transfer
Left Winger,25,3,Argentina,Mexico,3
Centre-Back,18,0.6,Ecuador,Belgium,3
Defensive Midfield,25,2,Portugal,Italy,3
Central Midfield,27,3,Turkey,England,3
Defensive Midfield,28,3,Netherlands,Saudi Arabia,1
Right Winger,31,3,Argentina,Mexico,free transfer
Right-Back,21,3,Germany,Germany,3
Right Winger,29,3,Brazil,United States,3
Left-Back,21,3,Turkey,Turkey,3
Left-Back,20,3,Scotland,Italy,3
Central Midfield,28,3,Italy,Denmark,3
Centre-Forward,34,2,Italy,Italy,3
Centre-Back,21,3,Portugal,France,3
Goalkeeper,32,2,Italy,England,3
Centre-Forward,18,0.6,Cote d'Ivoire,Austria,3
Right-Back,22,2,Italy,Italy,3
Centre-Back,26,3,Russia,Russia,3
Centre-Forward,18,1,Serbia,Spain,3
Central Midfield,22,2,Scotland,Italy,3
Centre-Back,21,3,Austria,Italy,3
Left Winger,22,1,Germany,England,3
Left Winger,26,3,Russia,Russia,3
Central Midfield,22,3,Russia,Russia,3
Right Winger,23,3,Italy,Italy,2
Goalkeeper,28,3,Italy,Italy,2
Centre-Back,31,3,Germany,Belgium,2
Left Winger,24,3,Japan,Scotland,1
Attacking Midfield,22,3,Germany,Germany,1
Centre-Forward,28,3,United States,France,1
Centre-Forward,29,3,Germany,Germany,1
Right Winger,28,3,Turkey,Belgium,1
Left-Back,20,3,Italy,Switzerland,1
Central Midfield,23,3,Denmark,Italy,0.51
Defensive Midfield,27,3,Serbia,Russia,0.5
Centre-Forward,27,3,Spain,Spain,0.5
Left Winger,25,3,Belgium,Belgium,0.5
Right Winger,23,3,Turkey,Italy,0.15
Right Winger,22,3,Russia,Israel,0.15
Left Winger,19,3,Netherlands,Turkey,0.15
Centre-Back,23,3,Russia,Russia,0.025
Right Winger,31,3,Italy,United States,free transfer
Right-Back,19,3,England,Italy,free transfer
Centre-Back,24,3,Austria,Germany,free transfer
Central Midfield,28,3,Germany,Germany,free transfer
Central Midfield,27,3,England,England,free transfer
Centre-Forward,25,3,Portugal,England,free transfer
Left-Back,26,3,France,Portugal,free transfer
Right Winger,29,3,France,Turkey,free transfer
Right-Back,22,3,Italy,France,?
Centre-Back,28,3,Germany,United States,free transfer
Right Winger,26,3,Croatia,Turkey,?
Right-Back,21,3,Italy,Belgium,loan transfer
Centre-Forward,30,3,Mexico,Mexico,free transfer
Central Midfield,21,3,Mexico,Mexico,?
Left Winger,29,3,Mexico,Mexico,loan transfer
Left-Back,21,3,England,Germany,free transfer
Centre-Forward,21,3,Italy,Italy,loan transfer
Centre-Forward,20,3,Italy,Italy,loan transfer
Goalkeeper,25,3,Italy,Italy,loan transfer
Right Winger,27,3,Mexico,Spain,loan transfer
Left Winger,21,3,England,England,?
Centre-Back,20,3,Italy,Italy,loan transfer
Left-Back,25,3,Brazil,Turkey,free transfer
Centre-Back,25,3,Portugal,Netherlands,loan transfer
Centre-Back,28,3,Italy,Italy,loan transfer
Centre-Back,22,3,Brazil,Brazil,loan transfer
Left Winger,27,3,United States,Mexico,free transfer
Left-Back,32,3,Ukraine,France,free transfer
Central Midfield,30,3,Italy,Italy,free transfer
Central Midfield,27,3,Argentina,Ukraine,free transfer
Left Winger,33,3,Italy,France,free transfer
Defensive Midfield,26,3,France,Brazil,free transfer
Central Midfield,25,3,Greece,Turkey,loan transfer
Central Midfield,23,3,Canada,Brazil,loan transfer
Attacking Midfield,29,3,France,Qatar,free transfer
Centre-Forward,26,3,England,Italy,loan transfer
Centre-Forward,24,3,England,Italy,?
Left Winger,28,3,Brazil,Saudi Arabia,?
Centre-Forward,23,3,Italy,Italy,?
Left Winger,27,3,Italy,Italy,loan transfer
Centre-Forward,20,3,Italy,Italy,loan transfer
Right Winger,22,3,England,England,?
Goalkeeper,22,3,Turkey,Portugal,free transfer
Central Midfield,22,3,England,England,loan transfer
Centre-Forward,23,2,Italy,United States,3
Right Winger,29,3,Turkey,Turkey,free transfer
Centre-Forward,25,3,Germany,United States,3
Attacking Midfield,24,3,Spain,Greece,3
Centre-Back,23,1,Sweden,Italy,3
Centre-Forward,25,3,Belgium,Belgium,1
Right-Back,28,3,Germany,Germany,free transfer
Left Winger,22,3,Italy,Turkey,loan transfer
Defensive Midfield,28,3,Monaco,France,3
Left Winger,20,2,Norway,Italy,3
Central Midfield,24,3,Netherlands,Italy,3
Left-Back,21,2,Belgium,Italy,3
Central Midfield,23,2,Italy,Italy,3
Centre-Forward,30,2,Italy,Italy,3
Centre-Back,24,3,Belgium,Italy,3
Centre-Back,21,1,Brazil,Russia,3
Right Midfield,20,3,Sweden,Belgium,3
Left-Back,21,1,Netherlands,Italy,3
Right Winger,23,3,Belgium,Serbia,3
Central Midfield,20,0.5,Portugal,Spain,3
Attacking Midfield,20,2,Switzerland,United Arab Emirates,3
Goalkeeper,23,2,England,England,3
Centre-Back,22,1,Paraguay,Russia,3
Centre-Back,21,3,France,France,3
Right-Back,21,1,Denmark,Belgium,3
Right-Back,20,2,France,France,3
Centre-Forward,21,1,Spain,England,3
Central Midfield,21,1,Denmark,Norway,3
Left Winger,22,2,Italy,Italy,3
Centre-Back,29,2,Turkey,Saudi Arabia,3
Centre-Forward,17,-,Portugal,Italy,3
Left-Back,19,0.5,Greece,Russia,3
Left Winger,25,1,Denmark,Denmark,3
Centre-Back,25,3,England,England,2
Centre-Back,21,3,Croatia,Germany,2
Centre-Forward,28,3,Greece,Scotland,2
Left-Back,27,3,Italy,Italy,2
Right Winger,27,3,Moldova,Hungary,2
Right Winger,27,3,England,Greece,2
Left Winger,27,3,Portugal,Portugal,2
Centre-Back,28,3,France,France,2
Right-Back,20,3,Portugal,Brazil,2
Central Midfield,24,3,Germany,Germany,1
Centre-Forward,27,3,Russia,Russia,1
Central Midfield,24,3,France,Cyprus,1
Centre-Back,24,3,Portugal,Spain,1
Right-Back,26,3,Croatia,Italy,1
Central Midfield,22,3,Spain,Spain,1
Defensive Midfield,20,3,Germany,Germany,1
Attacking Midfield,25,3,Italy,Italy,1
Centre-Forward,30,3,Turkey,Serbia,1
Centre-Forward,21,3,Spain,Spain,1
Goalkeeper,33,3,Spain,Netherlands,1
Right Midfield,28,3,United States,Canada,0.818
Defensive Midfield,28,3,Brazil,Mexico,0.5
Centre-Back,25,3,Italy,Italy,0.5
Defensive Midfield,25,3,Spain,Spain,0.5
Attacking Midfield,26,3,Germany,Italy,0.5
Centre-Forward,22,3,United States,United States,0.455
Centre-Back,30,3,Belgium,Israel,0.39
Goalkeeper,30,3,Germany,Germany,0.3
Central Midfield,29,3,Portugal,United Arab Emirates,0.2
Right Winger,32,3,Spain,United States,free transfer
Left-Back,28,3,Argentina,Spain,free transfer
Centre-Forward,29,3,England,Croatia,free transfer
Defensive Midfield,28,3,Spain,England,free transfer
Left Winger,19,3,England,Germany,free transfer
Right-Back,25,3,Belgium,Germany,free transfer
Centre-Forward,26,3,United Arab Emirates,Turkey,?
Right-Back,24,3,France,Spain,free transfer
Left-Back,23,3,Mexico,Mexico,?
Right-Back,26,3,Serbia,Russia,free transfer
Centre-Forward,27,3,Italy,Russia,free transfer
Centre-Forward,30,3,Czech Republic,Saudi Arabia,free transfer
Left-Back,27,3,England,Germany,free transfer
Centre-Back,25,3,Portugal,Croatia,loan transfer
Left-Back,23,3,Belgium,France,loan transfer
Left Midfield,22,3,England,England,loan transfer
Centre-Back,28,3,England,England,free transfer
Centre-Forward,31,3,Italy,Italy,free transfer
Attacking Midfield,23,3,Argentina,Argentina,loan transfer
Centre-Forward,29,3,Spain,Turkey,free transfer
Right-Back,18,3,Portugal,Portugal,loan transfer
Right Winger,20,3,Italy,Italy,loan transfer
Central Midfield,19,3,France,Belgium,loan transfer
Centre-Back,19,3,England,England,loan transfer
Defensive Midfield,28,3,Italy,Turkey,loan transfer
Centre-Back,23,3,Spain,Netherlands,loan transfer
Goalkeeper,25,3,France,France,loan transfer
Centre-Forward,21,3,France,France,loan transfer
Goalkeeper,27,3,Italy,Italy,loan transfer
Centre-Back,20,3,England,Netherlands,loan transfer
Right Winger,21,3,Spain,Spain,loan transfer
Goalkeeper,22,3,Monaco,Belgium,loan transfer
Goalkeeper,26,3,Spain,France,loan transfer
Centre-Forward,23,3,Turkey,Italy,free transfer
Attacking Midfield,20,3,England,England,loan transfer
Central Midfield,26,3,France,Portugal,free transfer
Centre-Back,24,3,Brazil,Brazil,free transfer
Right-Back,21,3,Brazil,Belgium,loan transfer
Attacking Midfield,28,3,Argentina,Brazil,loan transfer
Left Winger,20,3,England,Wales,loan transfer
Centre-Forward,21,3,Spain,Netherlands,loan transfer
Centre-Back,33,3,Argentina,Spain,free transfer
Central Midfield,25,3,Russia,"Korea, South",loan transfer
Central Midfield,25,3,Russia,Greece,free transfer
Right-Back,31,3,Spain,England,free transfer
Centre-Back,25,3,Italy,Netherlands,loan transfer
Central Midfield,19,3,England,England,loan transfer
Central Midfield,31,3,Italy,France,free transfer
Goalkeeper,18,3,England,United States,loan transfer
Attacking Midfield,25,3,France,Turkey,loan transfer
Centre-Forward,21,3,Spain,Spain,loan transfer
Centre-Forward,24,3,England,Brazil,loan transfer
Centre-Forward,28,3,Germany,Spain,?
Attacking Midfield,24,3,Spain,Spain,free transfer
Centre-Forward,25,3,Italy,Italy,loan transfer
Goalkeeper,33,3,Spain,England,free transfer
Attacking Midfield,26,3,Brazil,Brazil,free transfer
Centre-Forward,29,3,Turkey,Belgium,loan transfer
Centre-Forward,26,3,Mexico,Mexico,loan transfer
Centre-Back,22,3,Monaco,Belgium,loan transfer
Central Midfield,22,3,Portugal,Portugal,loan transfer
Centre-Forward,26,3,Portugal,Belgium,loan transfer
Attacking Midfield,18,3,Germany,Netherlands,loan transfer
Defensive Midfield,25,3,France,Spain,loan transfer
Attacking Midfield,19,3,France,England,loan transfer
Left-Back,28,3,England,France,loan transfer
Central Midfield,27,3,Belgium,Denmark,loan transfer
Centre-Forward,19,3,Germany,Denmark,loan transfer
Centre-Forward,22,3,England,England,loan transfer
Central Midfield,-,3,Italy,Italy,loan transfer
Central Midfield,28,3,Italy,Italy,loan transfer
Right Winger,26,3,England,Italy,loan transfer
Left Winger,25,3,Spain,Spain,free transfer
Centre-Back,26,3,England,England,?
Left-Back,34,3,Spain,Greece,free transfer
Attacking Midfield,22,-,England,England,2
Attacking Midfield,23,1,Uruguay,South Africa,2
Central Midfield,20,0.8,Germany,Germany,2
Attacking Midfield,32,2,Turkey,Brazil,free transfer
Right-Back,23,2,Ecuador,Mexico,2
Left Winger,24,2,Ecuador,Mexico,2
Centre-Forward,25,2,Denmark,Germany,2
Centre-Forward,32,2,Turkey,Switzerland,2
Centre-Back,29,2,Brazil,Turkey,1
Left Winger,19,2,Italy,Italy,0.33
Defensive Midfield,24,2,England,Netherlands,free transfer
Attacking Midfield,24,2,Russia,Russia,free transfer
Goalkeeper,28,2,Germany,France,?
Central Midfield,25,2,Argentina,Argentina,free transfer
Left Winger,29,2,China,Turkey,free transfer
Goalkeeper,22,2,Argentina,Argentina,loan transfer
Right-Back,28,2,Netherlands,Netherlands,free transfer
Centre-Back,24,2,Italy,Greece,loan transfer
Right-Back,25,2,Italy,Italy,loan transfer
Centre-Back,30,2,Italy,Italy,loan transfer
Centre-Forward,23,2,Brazil,Italy,2
Centre-Back,23,1,Morocco,France,2
Centre-Forward,28,2,Switzerland,Italy,free transfer
Attacking Midfield,31,2,Qatar,Qatar,free transfer
Right Winger,26,2,Turkey,Serbia,free transfer
Centre-Forward,30,2,Italy,Italy,loan transfer
Centre-Back,25,2,Belgium,France,2
Centre-Forward,22,2,Spain,Spain,loan transfer
Centre-Back,26,2,England,Scotland,4
Left-Back,22,2,Argentina,Spain,4
Centre-Forward,22,1,Serbia,Russia,2
Goalkeeper,31,2,Brazil,Mexico,2
Left Midfield,23,2,Switzerland,Switzerland,2
Right-Back,24,2,Portugal,Italy,2
Central Midfield,22,2,Austria,Croatia,2
Right-Back,21,2,Germany,Germany,2
Attacking Midfield,23,2,Netherlands,England,2
Centre-Forward,21,1,Netherlands,France,2
Centre-Forward,22,0.9,Chile,Italy,2
Centre-Forward,24,0.9,Belgium,Belgium,2
Defensive Midfield,22,2,Chile,Russia,2
Central Midfield,27,2,Bulgaria,Brazil,2
Centre-Forward,27,2,Germany,Italy,2
Left-Back,26,2,England,England,2
Left Winger,26,2,Mexico,Mexico,2
Centre-Forward,26,2,Germany,Germany,2
Left Winger,19,2,Denmark,Austria,2
Left-Back,25,2,Netherlands,Germany,2
Centre-Forward,32,2,Italy,Italy,2
Left Winger,26,2,France,Greece,2
Centre-Forward,24,2,Denmark,Turkey,1
Central Midfield,25,2,Italy,Italy,1
Left Winger,30,2,Germany,Greece,1
Defensive Midfield,22,2,Croatia,Latvia,1
Right-Back,22,2,Italy,Italy,1
Left Winger,23,2,France,Turkey,1
Centre-Forward,23,2,Belarus,United Arab Emirates,1
Left Winger,30,2,Spain,China,1
Centre-Forward,26,2,Argentina,Brazil,1
Attacking Midfield,22,2,Portugal,Poland,1
Central Midfield,31,2,Spain,Spain,1
Attacking Midfield,27,2,Germany,Greece,1
Centre-Back,22,2,Spain,Spain,1
Attacking Midfield,23,2,Portugal,United States,1
Right-Back,31,2,England,Spain,0.98
Central Midfield,29,2,United States,United States,0.546
Attacking Midfield,24,2,England,Spain,0.5
Attacking Midfield,27,2,Germany,Germany,0.5
Left-Back,24,2,Spain,Spain,0.5
Central Midfield,21,2,Turkey,Belgium,0.5
Centre-Forward,24,2,Belgium,Spain,0.3
Attacking Midfield,24,2,Spain,Spain,0.15
Central Midfield,23,2,Italy,Italy,0.1
Central Midfield,22,2,Germany,Germany,free transfer
Defensive Midfield,32,2,France,France,free transfer
Central Midfield,24,2,Switzerland,Italy,free transfer
Centre-Back,20,2,Austria,Germany,free transfer
Central Midfield,28,2,Germany,Canada,free transfer
Left Winger,31,2,Spain,Italy,free transfer
Centre-Back,29,2,Russia,Greece,free transfer
Right Winger,32,2,England,United Arab Emirates,free transfer
Centre-Back,28,2,England,England,free transfer
Central Midfield,29,2,Russia,Turkey,free transfer
Left-Back,28,2,Spain,Spain,free transfer
Right Midfield,25,2,France,France,free transfer
Right-Back,24,2,France,France,free transfer
Defensive Midfield,24,2,Mexico,Mexico,free transfer
Central Midfield,29,2,Italy,United Arab Emirates,free transfer
Right-Back,30,2,Spain,Spain,free transfer
Right-Back,22,2,Mexico,Mexico,?
Left-Back,29,2,France,France,free transfer
Central Midfield,21,2,Portugal,Greece,loan transfer
Left Winger,28,2,United States,Mexico,?
Central Midfield,25,2,England,Wales,free transfer
Left Winger,26,2,Brazil,Brazil,free transfer
Right-Back,22,2,Spain,Portugal,loan transfer
Centre-Forward,33,2,Belgium,Netherlands,free transfer
Goalkeeper,31,2,Spain,Spain,free transfer
Right-Back,24,2,England,England,free transfer
Central Midfield,20,2,England,England,loan transfer
Centre-Forward,26,2,Mexico,Mexico,?
Centre-Back,25,2,France,France,free transfer
Left Winger,25,2,Spain,Netherlands,free transfer
Right-Back,23,2,Mexico,Mexico,?
Centre-Back,21,2,England,England,loan transfer
Central Midfield,23,2,United States,Uruguay,loan transfer
Right-Back,26,2,Spain,Portugal,free transfer
Attacking Midfield,27,2,Mexico,Mexico,?
Centre-Back,23,2,France,Scotland,loan transfer
Central Midfield,22,2,England,England,loan transfer
Centre-Back,32,2,England,England,free transfer
Left Winger,27,2,Egypt,United Arab Emirates,free transfer
Defensive Midfield,21,2,Brazil,Brazil,loan transfer
Centre-Back,29,2,Belgium,Belgium,loan transfer
Right Winger,22,2,Spain,Portugal,loan transfer
Central Midfield,35,2,Monaco,Italy,free transfer
Centre-Back,32,2,France,Saudi Arabia,free transfer
Centre-Forward,20,2,Brazil,Portugal,loan transfer
Defensive Midfield,25,2,Mexico,Portugal,loan transfer
Right-Back,21,2,England,Germany,loan transfer
Centre-Forward,31,2,Brazil,Brazil,free transfer
Centre-Back,25,2,Mexico,Mexico,loan transfer
Left-Back,29,2,Ukraine,Brazil,free transfer
Right-Back,27,2,England,Canada,loan transfer
Right Winger,22,2,United States,Turkey,loan transfer
Right Winger,29,2,Saudi Arabia,Scotland,?
Central Midfield,29,2,Italy,Italy,loan transfer
Defensive Midfield,24,2,Brazil,Brazil,loan transfer
Centre-Back,28,2,Germany,Germany,loan transfer
Left Winger,19,2,Spain,Spain,loan transfer
Right Midfield,35,2,Italy,Italy,loan transfer
Centre-Forward,24,2,England,England,loan transfer
Left-Back,24,2,Austria,France,?
Right Winger,29,2,England,Australia,?
Central Midfield,27,2,Italy,Italy,loan transfer
Defensive Midfield,28,2,England,England,?
Attacking Midfield,21,2,France,Belgium,free transfer
Centre-Forward,24,2,Spain,Spain,loan transfer
Attacking Midfield,25,2,Greece,Portugal,loan transfer
Centre-Forward,25,2,Brazil,Portugal,loan transfer
Centre-Back,32,2,England,Greece,free transfer
Centre-Back,32,2,Portugal,Spain,free transfer
Left Winger,26,2,Spain,Spain,?
Centre-Back,19,2,United States,Spain,loan transfer
Left-Back,20,2,Germany,Germany,loan transfer
Left-Back,24,2,Germany,Netherlands,loan transfer
Defensive Midfield,29,2,Spain,Cyprus,free transfer
Centre-Forward,27,2,Italy,Cyprus,loan transfer
Centre-Forward,25,2,Scotland,Austria,loan transfer
Defensive Midfield,23,2,Brazil,Denmark,loan transfer
Right-Back,23,2,England,France,?
Left Winger,27,2,Spain,Spain,free transfer
Centre-Forward,22,1,Greece,Germany,2
Centre-Back,21,0.05,Brazil,Portugal,2
Centre-Forward,24,2,Uruguay,Argentina,0.465
Central Midfield,23,2,Italy,Italy,?
Centre-Forward,26,2,Italy,Italy,loan transfer
Central Midfield,26,2,Italy,Italy,loan transfer
Left-Back,24,1,Netherlands,Netherlands,2
Centre-Back,22,2,England,England,2
Right Winger,23,2,England,England,2
Centre-Back,21,2,Germany,Germany,1
Right-Back,28,2,Germany,Germany,free transfer
Left-Back,27,2,Turkey,Turkey,free transfer
Defensive Midfield,28,2,Mexico,Mexico,?
Right Winger,28,2,Argentina,Ecuador,?
Centre-Forward,25,2,Turkey,England,free transfer
Centre-Forward,23,2,England,Switzerland,loan transfer
Right-Back,24,2,Italy,Turkey,loan transfer
Centre-Forward,24,2,Switzerland,Germany,4
Defensive Midfield,29,2,Italy,United States,2
Centre-Back,25,2,Italy,Turkey,2
Centre-Forward,29,2,Bulgaria,Japan,2
Centre-Forward,31,2,Germany,Germany,1
Centre-Forward,31,2,Netherlands,Japan,1
Left Winger,27,2,Belgium,Germany,1
Centre-Back,20,2,Italy,Italy,0.9
Central Midfield,25,2,Belgium,England,0.8
Central Midfield,24,2,Russia,Italy,0.3
Central Midfield,27,2,Germany,Germany,free transfer
Attacking Midfield,25,2,Germany,Germany,free transfer
Central Midfield,27,2,England,England,free transfer
Goalkeeper,24,2,Germany,Italy,loan transfer
Left-Back,28,2,Italy,Italy,free transfer
Centre-Back,20,2,Italy,Italy,loan transfer
Left Winger,21,2,Spain,Turkey,?
Left-Back,21,2,Brazil,Brazil,loan transfer
Goalkeeper,22,2,England,Netherlands,loan transfer
Central Midfield,22,2,England,Spain,loan transfer
Defensive Midfield,27,2,Italy,Italy,loan transfer
Centre-Forward,30,2,Germany,Qatar,free transfer
Left-Back,21,2,England,Wales,loan transfer
Centre-Forward,24,2,Spain,Netherlands,loan transfer
Left-Back,28,2,England,England,loan transfer
Left-Back,23,2,Italy,Italy,2
Central Midfield,24,2,Argentina,Poland,loan transfer
Central Midfield,24,2,Italy,Belgium,?
Centre-Forward,24,2,Bulgaria,Mexico,2
Attacking Midfield,23,2,Argentina,Russia,2
Centre-Back,19,2,France,France,2
Attacking Midfield,18,1,Turkey,Spain,2
Left Winger,23,2,Netherlands,Germany,2
Left Winger,20,1,Italy,Italy,2
Centre-Forward,21,2,Germany,Germany,2
Goalkeeper,22,2,France,France,2
Left-Back,20,0.45,Portugal,Italy,2
Centre-Back,21,0.8,Bulgaria,Italy,2
Left Midfield,25,1,Uruguay,Mexico,2
Central Midfield,18,0.35,Denmark,Germany,2
Right Winger,22,2,Netherlands,France,2
Goalkeeper,22,1,Croatia,Greece,2
Centre-Back,24,1,Netherlands,Turkey,2
Right Winger,24,1,Turkey,Turkey,2
Centre-Back,22,0.8,Portugal,France,2
Attacking Midfield,25,2,Belgium,Netherlands,2
Central Midfield,24,0.85,Netherlands,Spain,2
Centre-Forward,27,1,Italy,Italy,2
Centre-Back,21,0.525,Turkey,Turkey,2
Centre-Back,18,0.1,Switzerland,France,2
Centre-Forward,28,1,Norway,Sweden,2
Left-Back,22,0.8,Netherlands,Italy,2
Left-Back,20,1,Israel,Greece,2
Defensive Midfield,18,2,Czech Republic,Italy,2
Centre-Forward,21,0.7,Norway,Belgium,2
Right Winger,21,0.3,Israel,Italy,2
Right Winger,26,1,Hungary,Ukraine,2
Centre-Forward,18,0.5,Italy,Italy,2
Centre-Back,27,1,Portugal,Russia,2
Right Winger,23,2,Uruguay,Spain,1
Centre-Forward,25,2,Scotland,Switzerland,1
Defensive Midfield,25,2,United States,France,1
Centre-Forward,21,2,Germany,Germany,1
Centre-Forward,18,2,Sweden,Germany,1
Right Winger,27,2,Germany,Greece,1
Right-Back,23,2,Denmark,France,1
Defensive Midfield,27,2,France,Cyprus,1
Centre-Forward,28,2,Serbia,Denmark,1
Centre-Back,23,2,Austria,Germany,1
Defensive Midfield,22,2,Turkey,Turkey,1
Central Midfield,22,2,Poland,Italy,1
Centre-Back,26,2,Serbia,Spain,1
Right-Back,24,2,England,Greece,1
Central Midfield,25,2,Germany,United States,1
Left Winger,26,2,Italy,Italy,1
Centre-Forward,28,2,Serbia,Saudi Arabia,1
Attacking Midfield,25,2,Croatia,Hungary,1
Left-Back,23,2,Portugal,Ukraine,1
Centre-Forward,27,2,United States,United States,0.841
Central Midfield,19,2,Italy,Italy,0.75
Right Winger,30,2,Germany,Switzerland,0.75
Defensive Midfield,25,2,Turkey,Serbia,0.7
Right-Back,18,2,France,Germany,0.7
Central Midfield,22,2,Germany,Greece,0.65
Attacking Midfield,23,2,Japan,Portugal,0.6
Left Winger,28,2,Italy,Italy,0.5
Goalkeeper,24,2,Turkey,Turkey,0.5
Centre-Back,21,2,France,Spain,0.5
Centre-Forward,23,2,Denmark,Brazil,0.4
Centre-Forward,32,2,Greece,Poland,0.4
Left Winger,22,2,Canada,United States,0.205
Central Midfield,26,2,Turkey,Saudi Arabia,0.196
Goalkeeper,28,2,France,Belgium,0.15
Goalkeeper,23,2,Portugal,Portugal,0.05
Goalkeeper,21,2,France,France,free transfer
Right-Back,31,2,Italy,Turkey,free transfer
Centre-Forward,29,2,Germany,Germany,free transfer
Left Winger,29,2,England,France,free transfer
Centre-Back,29,2,Hungary,France,free transfer
Left-Back,30,2,France,France,free transfer
Centre-Back,22,2,Italy,Italy,?
Defensive Midfield,28,2,Mexico,Mexico,?
Central Midfield,28,2,Croatia,Turkey,free transfer
Attacking Midfield,29,2,Argentina,Argentina,free transfer
Left-Back,27,2,Portugal,Greece,free transfer
Goalkeeper,34,2,England,England,free transfer
Left Winger,25,2,England,Wales,free transfer
Centre-Forward,31,2,England,Turkey,free transfer
Right-Back,26,2,England,Wales,free transfer
Centre-Back,24,2,England,England,free transfer
Centre-Forward,28,2,Germany,Iran,free transfer
Centre-Back,29,2,,Brazil,free transfer
Centre-Forward,27,2,England,England,?
Defensive Midfield,28,2,Wales,England,free transfer
Attacking Midfield,28,2,Luxembourg,Germany,?
Defensive Midfield,27,2,China,Switzerland,free transfer
Attacking Midfield,25,2,Argentina,Mexico,loan transfer
Centre-Forward,21,2,Switzerland,Switzerland,loan transfer
Left-Back,23,2,Italy,Italy,loan transfer
Attacking Midfield,29,2,Portugal,Qatar,free transfer
Attacking Midfield,22,2,Spain,Spain,loan transfer
Centre-Forward,29,2,England,England,?
Central Midfield,28,2,Italy,Italy,?
Centre-Forward,32,2,Brazil,Brazil,loan transfer
Right Winger,31,2,Spain,Spain,free transfer
Goalkeeper,22,2,Portugal,Italy,free transfer
Goalkeeper,32,2,England,Croatia,free transfer
Centre-Forward,31,2,England,Greece,free transfer
Left-Back,25,2,Spain,Portugal,free transfer
Centre-Back,32,2,Brazil,Spain,free transfer
Right Winger,22,2,Portugal,Greece,loan transfer
Centre-Back,27,2,Italy,Italy,?
Central Midfield,35,2,Italy,Brazil,free transfer
Attacking Midfield,30,2,United Arab Emirates,Austria,free transfer
Centre-Back,23,2,England,England,loan transfer
Right Midfield,25,2,Italy,Italy,?
Centre-Forward,28,2,Mexico,Mexico,loan transfer
Right Winger,19,2,England,Uruguay,loan transfer
Left-Back,30,2,Spain,Spain,free transfer
Left Winger,21,2,Germany,Portugal,loan transfer
Central Midfield,22,2,England,England,loan transfer
Goalkeeper,25,2,Brazil,Saudi Arabia,free transfer
Left Winger,28,2,United States,Argentina,loan transfer
Centre-Forward,21,2,Italy,Italy,loan transfer
Left-Back,19,2,England,England,loan transfer
Central Midfield,27,2,Turkey,Turkey,loan transfer
Centre-Back,20,2,Brazil,Brazil,loan transfer
Centre-Back,20,2,Portugal,Portugal,loan transfer
Centre-Back,25,2,Italy,Italy,loan transfer
Centre-Forward,23,2,Italy,Brazil,loan transfer
Centre-Forward,29,2,Saudi Arabia,United Arab Emirates,?
Defensive Midfield,34,2,Spain,Spain,loan transfer
Centre-Back,31,2,Spain,Spain,loan transfer
Attacking Midfield,20,2,Italy,Italy,loan transfer
Right Winger,22,2,Spain,Spain,loan transfer
Centre-Back,23,2,Brazil,Japan,loan transfer
Defensive Midfield,27,2,United Arab Emirates,United States,loan transfer
Central Midfield,18,2,England,England,loan transfer
Left Winger,21,2,Italy,Italy,loan transfer
Centre-Back,27,2,England,United States,free transfer
Attacking Midfield,29,2,Brazil,Brazil,loan transfer
Centre-Back,29,2,United Arab Emirates,Tunisia,free transfer
Centre-Forward,33,2,Saudi Arabia,Qatar,loan transfer
Defensive Midfield,21,2,Mexico,Poland,loan transfer
Left Winger,27,2,Russia,Brazil,free transfer
Centre-Back,25,2,Netherlands,Netherlands,free transfer
Left-Back,27,2,Belgium,Belgium,free transfer
Left Winger,26,2,England,England,loan transfer
Centre-Back,22,2,Italy,Italy,loan transfer
Left Winger,23,2,Greece,Greece,loan transfer
Centre-Back,28,2,Spain,Italy,loan transfer
Left Winger,22,2,France,France,loan transfer
Centre-Back,30,2,Turkey,Turkey,free transfer
Defensive Midfield,24,2,Croatia,Croatia,?
Defensive Midfield,25,2,Brazil,Belgium,loan transfer
Right Winger,22,2,England,England,loan transfer
Left-Back,27,2,France,France,loan transfer
Right-Back,20,2,Scotland,Poland,loan transfer
Central Midfield,23,2,Italy,Belgium,loan transfer
Centre-Back,27,2,Croatia,Saudi Arabia,free transfer
Goalkeeper,24,2,Spain,Spain,free transfer
Attacking Midfield,22,2,Germany,Germany,loan transfer
Defensive Midfield,29,2,France,France,free transfer
Central Midfield,29,2,Italy,Italy,loan transfer
Goalkeeper,30,2,England,Spain,loan transfer
Left-Back,23,2,Italy,Italy,loan transfer
Centre-Back,20,2,Italy,Italy,loan transfer
Centre-Back,25,2,Italy,Italy,loan transfer
Right Winger,21,2,Spain,Spain,loan transfer
Centre-Forward,23,2,England,England,loan transfer
Right Winger,23,2,England,Greece,loan transfer
Central Midfield,18,2,Belgium,Portugal,loan transfer
Central Midfield,32,2,China,Belgium,loan transfer
Centre-Back,35,2,Portugal,Belgium,free transfer
Left-Back,23,1,Argentina,Spain,1
Centre-Forward,19,1,Ecuador,Belgium,1
Central Midfield,21,1,Italy,Italy,0.75
Centre-Back,33,1,Turkey,Greece,free transfer
Centre-Back,22,-,England,England,1
Centre-Forward,23,0.5,Colombia,United States,1
Central Midfield,23,1,Spain,United States,1
Right-Back,25,0.8,Spain,United States,1
Attacking Midfield,17,1,Croatia,Germany,1
Centre-Forward,24,1,Egypt,France,1
Left Winger,23,0.8,Uruguay,Greece,1
Centre-Forward,22,1,Russia,Russia,1
Central Midfield,22,1,Brazil,Brazil,1
Centre-Back,30,0.7,Israel,United Arab Emirates,1
Left-Back,24,0.8,Spain,Spain,1
Central Midfield,24,1,Brazil,Bulgaria,1
Centre-Forward,27,1,France,Israel,1
Attacking Midfield,29,1,Italy,Italy,1
Centre-Forward,24,1,Russia,Russia,1
Left-Back,22,1,United States,Netherlands,1
Right Midfield,30,1,Brazil,Japan,0.8
Centre-Forward,24,1,Belgium,Germany,0.6
Centre-Back,21,1,Croatia,Germany,0.5
Centre-Back,24,1,Brazil,United States,0.455
Right-Back,25,1,Spain,Greece,0.4
Attacking Midfield,28,1,Poland,Poland,0.4
Defensive Midfield,22,1,Poland,France,0.35
Central Midfield,22,1,Greece,France,0.3
Left-Back,28,1,Germany,Germany,0.25
Central Midfield,24,1,Germany,Germany,free transfer
Centre-Forward,26,1,France,France,free transfer
Central Midfield,25,1,France,Turkey,free transfer
Right-Back,30,1,England,England,free transfer
Central Midfield,25,1,Germany,Germany,free transfer
Attacking Midfield,27,1,Germany,Germany,free transfer
Defensive Midfield,27,1,France,France,free transfer
Right Winger,23,1,Germany,Germany,free transfer
Central Midfield,33,1,Turkey,Saudi Arabia,free transfer
Centre-Back,32,1,Mexico,Mexico,?
Left Winger,26,1,Denmark,Spain,free transfer
Left Midfield,27,1,Germany,United States,free transfer
Left-Back,28,1,Spain,Turkey,free transfer
Defensive Midfield,23,1,England,Romania,free transfer
Left Winger,26,1,Mexico,Paraguay,loan transfer
Centre-Back,28,1,England,England,free transfer
Right Winger,28,1,Serbia,Turkey,free transfer
Centre-Back,24,1,Turkey,Turkey,free transfer
Centre-Back,32,1,Argentina,Chile,free transfer
Central Midfield,24,1,France,Greece,free transfer
Central Midfield,31,1,Greece,Turkey,free transfer
Central Midfield,35,1,Italy,Slovakia,free transfer
Right-Back,26,1,France,Netherlands,free transfer
Centre-Back,22,1,France,Portugal,loan transfer
Left-Back,32,1,Spain,Spain,free transfer
Defensive Midfield,33,1,Spain,France,free transfer
Attacking Midfield,30,1,Ukraine,Argentina,free transfer
Goalkeeper,20,1,France,England,free transfer
Central Midfield,31,1,England,England,free transfer
Left Winger,27,1,Wales,England,free transfer
Defensive Midfield,28,1,Serbia,Turkey,?
Left Winger,24,1,England,England,loan transfer
Centre-Back,32,1,Italy,Italy,?
Centre-Back,26,1,Belgium,Georgia,free transfer
Attacking Midfield,32,1,Saudi Arabia,Brazil,free transfer
Centre-Back,32,1,England,England,loan transfer
Goalkeeper,26,1,Italy,Italy,loan transfer
Attacking Midfield,33,1,Turkey,Turkey,free transfer
Right-Back,26,1,Colombia,Colombia,free transfer
Central Midfield,27,1,Netherlands,Sweden,free transfer
Central Midfield,21,1,Italy,Italy,loan transfer
Right-Back,33,1,Spain,Spain,free transfer
Central Midfield,21,1,Italy,Italy,loan transfer
Left Winger,20,1,Brazil,Brazil,loan transfer
Left-Back,25,1,Germany,Germany,free transfer
Centre-Back,32,1,Spain,Spain,free transfer
Left-Back,28,1,Spain,Spain,loan transfer
Centre-Back,27,1,Spain,Spain,loan transfer
Centre-Back,29,1,England,France,free transfer
Defensive Midfield,31,1,Portugal,Spain,free transfer
Attacking Midfield,25,1,Ukraine,Turkey,free transfer
Defensive Midfield,27,1,Russia,Germany,free transfer
Right Winger,23,1,England,England,loan transfer
Right Winger,21,1,Brazil,Brazil,loan transfer
Centre-Forward,23,1,Germany,Netherlands,?
Right-Back,25,1,Greece,France,loan transfer
Centre-Forward,27,1,Turkey,Switzerland,?
Central Midfield,23,1,Belgium,Portugal,loan transfer
Left-Back,25,1,Germany,Germany,loan transfer
Centre-Back,25,1,Italy,Germany,loan transfer
Central Midfield,22,1,England,England,loan transfer
Centre-Forward,24,1,France,France,loan transfer
Central Midfield,21,1,France,England,loan transfer
Central Midfield,22,0.7,Uruguay,Argentina,1
Centre-Back,26,1,England,England,1
Right-Back,19,1,Colombia,United States,1
Centre-Back,28,1,Egypt,Qatar,1
Right Winger,21,1,Romania,Romania,1
Centre-Back,20,0.5,Uruguay,Italy,1
Left Winger,26,1,Italy,Czech Republic,1
Centre-Forward,25,1,Portugal,Qatar,1
Centre-Forward,29,1,Italy,Italy,1
Centre-Forward,27,1,Israel,Belgium,0.9
Central Midfield,26,1,Italy,Italy,0.75
Centre-Forward,22,1,Belgium,Saudi Arabia,0.7
Right Winger,24,1,Russia,Turkey,0.5
Centre-Forward,31,1,Mexico,Argentina,0.196
Right Winger,24,1,Spain,Turkey,free transfer
Defensive Midfield,28,1,Russia,Poland,free transfer
Attacking Midfield,29,1,Belgium,Belgium,free transfer
Right Winger,30,1,England,England,free transfer
Goalkeeper,25,1,Austria,France,free transfer
Attacking Midfield,25,1,Italy,Belgium,free transfer
Centre-Back,23,1,Colombia,Colombia,free transfer
Defensive Midfield,32,1,Argentina,Mexico,free transfer
Centre-Forward,30,1,Turkey,Turkey,free transfer
Left-Back,27,1,Germany,Belgium,?
Central Midfield,30,1,Italy,Italy,?
Centre-Back,25,1,Italy,Italy,loan transfer
Centre-Forward,21,1,Japan,Brazil,loan transfer
Centre-Forward,23,0.7,Uruguay,Argentina,1
Central Midfield,26,1,Argentina,Italy,1
Centre-Back,22,1,Germany,Switzerland,1
Central Midfield,22,1,Serbia,Russia,1
Centre-Back,24,1,Austria,Italy,1
Right Winger,21,1,Israel,Belgium,1
Left Winger,28,1,Hungary,Ukraine,1
Centre-Back,19,1,Turkey,Portugal,1
Left-Back,27,1,Brazil,Russia,1
Central Midfield,25,1,Italy,Italy,0.5
Centre-Forward,28,1,Romania,Romania,0.3
Centre-Back,29,1,Germany,Netherlands,?
Centre-Back,22,1,Germany,Germany,free transfer
Attacking Midfield,28,1,Germany,Germany,free transfer
Defensive Midfield,29,1,Kazakhstan,Germany,free transfer
Centre-Back,19,1,Turkey,Belgium,loan transfer
Centre-Forward,31,1,"Korea, South","Korea, South",?
Left-Back,23,1,Italy,Italy,loan transfer
Central Midfield,25,1,Saudi Arabia,Saudi Arabia,loan transfer
Centre-Back,29,1,Romania,Turkey,?
Central Midfield,23,1,England,Portugal,loan transfer
Left-Back,25,0.3,Italy,Italy,1
Central Midfield,22,1,Chile,England,3
Defensive Midfield,33,1,Mexico,Mexico,1
Centre-Forward,29,1,Belgium,Indonesia,1
Left-Back,24,1,Switzerland,Germany,1
Central Midfield,30,0.9,Italy,Italy,1
Centre-Back,21,1,Germany,Poland,1
Right Winger,18,0.8,Ecuador,Belgium,1
Centre-Forward,23,1,Germany,Germany,1
Left-Back,21,1,France,France,1
Centre-Forward,33,1,Italy,Italy,1
Centre-Forward,24,1,Netherlands,Austria,1
Centre-Forward,24,0.6,Norway,Denmark,1
Attacking Midfield,18,0.4,Ukraine,England,1
Centre-Back,24,1,Russia,France,1
Attacking Midfield,27,0.8,Norway,Norway,1
Centre-Back,31,1,Saudi Arabia,Mexico,1
Left Winger,17,0.1,Italy,Italy,1
Central Midfield,23,1,Austria,Belgium,1
Central Midfield,23,1,Spain,Spain,1
Second Striker,29,1,Brazil,Spain,1
Attacking Midfield,30,0.8,Argentina,Brazil,1
Centre-Forward,26,0.5,Romania,Romania,1
Centre-Forward,23,1,Japan,Belgium,1
Attacking Midfield,24,1,Sweden,Netherlands,1
Attacking Midfield,26,1,Ukraine,Ukraine,1
Central Midfield,23,1,Japan,Germany,1
Right-Back,26,1,Italy,Italy,1
Goalkeeper,22,1,Netherlands,Croatia,1
Centre-Forward,26,1,Poland,Turkey,1
Centre-Back,27,1,Moldova,Latvia,1
Centre-Forward,27,1,Croatia,France,1
Central Midfield,25,1,Ukraine,France,1
Right Winger,21,1,Portugal,Netherlands,1
Goalkeeper,28,1,Portugal,Portugal,1
Second Striker,21,1,Germany,England,0.87
Centre-Forward,31,1,Italy,Italy,0.8
Centre-Back,23,1,Switzerland,Germany,0.8
Defensive Midfield,24,1,Portugal,Saudi Arabia,0.8
Centre-Forward,22,1,Algeria,Belgium,0.75
Left Winger,22,1,Spain,Croatia,0.75
Centre-Forward,24,1,Belgium,Denmark,0.672
Centre-Forward,26,1,Portugal,Saudi Arabia,0.6
Right-Back,24,1,Portugal,France,0.6
Right Winger,21,1,Germany,Netherlands,0.55
Centre-Back,27,1,Russia,Russia,0.5
Central Midfield,24,1,Sweden,Poland,0.5
Defensive Midfield,31,1,France,France,0.5
Centre-Back,22,1,United States,United States,0.364
Right Midfield,22,1,Italy,Brazil,0.35
Left-Back,23,1,Germany,Germany,0.3
Central Midfield,24,1,Italy,Italy,0.3
Defensive Midfield,25,1,United States,United States,0.273
Left Winger,30,1,Croatia,Poland,0.25
Left-Back,24,1,Romania,Bulgaria,0.2
Attacking Midfield,22,1,Argentina,Argentina,0.19
Centre-Forward,20,1,Turkey,Poland,0.075
Second Striker,19,1,Germany,Germany,0.05
Centre-Back,25,1,Scotland,Scotland,free transfer
Left Winger,23,1,Denmark,Belgium,free transfer
Goalkeeper,31,1,Germany,United States,free transfer
Left Winger,20,1,Germany,Germany,free transfer
Attacking Midfield,22,1,France,France,free transfer
Centre-Forward,34,1,Netherlands,Israel,free transfer
Right Winger,28,1,England,England,free transfer
Centre-Back,37,1,Italy,United States,free transfer
Left Winger,27,1,England,Wales,free transfer
Central Midfield,31,1,Wales,England,free transfer
Right Winger,24,1,Poland,Turkey,free transfer
Left Winger,29,1,Russia,Russia,free transfer
Central Midfield,33,1,Russia,Russia,free transfer
Centre-Forward,26,1,Portugal,Portugal,free transfer
Central Midfield,31,1,Turkey,Turkey,free transfer
Centre-Forward,24,1,China,Portugal,free transfer
Central Midfield,32,1,Russia,Russia,free transfer
Attacking Midfield,31,1,Belgium,Cyprus,free transfer
Goalkeeper,33,1,Belgium,Belgium,free transfer
Right Winger,23,1,Turkey,Turkey,free transfer
Right Winger,25,1,Greece,Turkey,free transfer
Right-Back,29,1,Austria,Austria,free transfer
Right-Back,29,1,England,England,free transfer
Centre-Back,23,1,Poland,Italy,free transfer
Goalkeeper,33,1,Turkey,Saudi Arabia,free transfer
Left-Back,33,1,England,Brazil,free transfer
Attacking Midfield,31,1,France,France,free transfer
Goalkeeper,26,1,Mexico,United States,free transfer
Centre-Back,32,1,Germany,Turkey,free transfer
Centre-Forward,31,1,France,Serbia,free transfer
Centre-Forward,23,1,Germany,Germany,loan transfer
Centre-Back,32,1,Wales,England,free transfer
Central Midfield,29,1,Portugal,Turkey,?
Goalkeeper,31,1,Russia,Portugal,free transfer
Centre-Back,31,1,Serbia,Cyprus,free transfer
Goalkeeper,29,1,Italy,Brazil,free transfer
Centre-Forward,25,1,France,Switzerland,free transfer
Centre-Back,21,1,Germany,Germany,loan transfer
Centre-Forward,36,1,France,Netherlands,free transfer
Left-Back,32,1,Mexico,Mexico,?
Central Midfield,24,1,Belgium,Belgium,?
Centre-Back,30,1,France,France,free transfer
Centre-Forward,32,1,Italy,Italy,free transfer
Right Winger,28,1,Mexico,Mexico,free transfer
Centre-Forward,23,1,Russia,Russia,free transfer
Defensive Midfield,37,1,England,Brazil,free transfer
Centre-Forward,20,1,Croatia,Austria,loan transfer
Attacking Midfield,27,1,England,England,?
Centre-Forward,33,1,Saudi Arabia,Switzerland,free transfer
Centre-Forward,19,1,Austria,Belgium,loan transfer
Central Midfield,27,1,Turkey,Turkey,?
Central Midfield,24,1,Spain,Portugal,free transfer
Centre-Back,22,1,France,France,free transfer
Attacking Midfield,26,1,Czech Republic,Czech Republic,?
Attacking Midfield,31,1,Turkey,Chile,free transfer
Left Winger,27,1,Mexico,Mexico,loan transfer
Central Midfield,22,1,England,England,loan transfer
Left Winger,20,1,England,Belgium,loan transfer
Left Winger,20,1,Italy,Italy,loan transfer
Attacking Midfield,29,1,Mexico,Brazil,free transfer
Centre-Back,33,1,Italy,Germany,free transfer
Right-Back,22,1,England,England,loan transfer
Goalkeeper,37,1,France,France,free transfer
Right Winger,19,1,Croatia,Slovenia,loan transfer
Centre-Forward,29,1,Saudi Arabia,Japan,?
Left-Back,24,1,Italy,Italy,?
Right-Back,23,1,Portugal,Spain,loan transfer
Centre-Forward,25,1,Spain,England,free transfer
Left Winger,24,1,Spain,Spain,free transfer
Right-Back,31,1,Ukraine,Poland,free transfer
Goalkeeper,28,1,Spain,Spain,free transfer
Right-Back,28,1,Germany,Germany,free transfer
Attacking Midfield,20,1,Germany,Scotland,loan transfer
Goalkeeper,35,1,France,France,free transfer
Centre-Forward,28,1,Italy,Turkey,free transfer
Centre-Back,26,1,Mexico,Colombia,free transfer
Left-Back,21,1,Mexico,Spain,loan transfer
Centre-Forward,32,1,Spain,Spain,free transfer
Right-Back,23,1,Spain,Croatia,free transfer
Centre-Back,20,1,Italy,Italy,loan transfer
Centre-Forward,30,1,Italy,Italy,loan transfer
Centre-Forward,28,1,Portugal,Japan,loan transfer
Centre-Forward,24,1,Italy,Spain,loan transfer
Centre-Forward,21,1,France,United States,free transfer
Attacking Midfield,18,1,England,Spain,loan transfer
Attacking Midfield,27,1,France,France,free transfer
Right Winger,26,1,Saudi Arabia,Serbia,free transfer
Left Winger,32,1,Spain,Spain,loan transfer
Centre-Forward,32,1,England,England,free transfer
Defensive Midfield,21,1,Spain,Andorra,free transfer
Goalkeeper,33,1,Egypt,Egypt,free transfer
Left-Back,29,1,Mexico,Mexico,free transfer
Central Midfield,24,1,Italy,Italy,loan transfer
Right Winger,21,1,Portugal,Portugal,loan transfer
Goalkeeper,20,1,England,England,loan transfer
Centre-Forward,25,1,Brazil,Brazil,loan transfer
Defensive Midfield,29,1,Turkey,Saudi Arabia,free transfer
Left-Back,32,1,Spain,Spain,free transfer
Right-Back,26,1,Cyprus,Brazil,loan transfer
Left Winger,23,1,Brazil,Greece,free transfer
Central Midfield,22,1,England,United States,loan transfer
Left Winger,21,1,France,France,free transfer
Right-Back,21,1,Spain,Spain,loan transfer
Right-Back,24,1,Belgium,United States,loan transfer
Left-Back,23,1,Spain,Argentina,loan transfer
Central Midfield,25,1,Spain,Spain,free transfer
Goalkeeper,32,1,Spain,England,free transfer
Centre-Forward,28,1,United Arab Emirates,Turkey,?
Attacking Midfield,22,1,United States,Romania,loan transfer
Right-Back,26,1,Italy,Italy,?
Left Winger,29,1,United States,Sweden,free transfer
Central Midfield,28,1,Netherlands,Netherlands,loan transfer
Goalkeeper,35,1,Italy,Italy,free transfer
Centre-Forward,25,1,Italy,Italy,loan transfer
Left-Back,25,1,Spain,Portugal,free transfer
Centre-Back,23,1,England,Brazil,loan transfer
Defensive Midfield,20,1,Brazil,Brazil,loan transfer
Left Winger,29,1,Mexico,Argentina,loan transfer
Left Winger,29,1,Mexico,Argentina,loan transfer
Left Winger,22,1,Spain,Spain,loan transfer
Centre-Forward,19,1,England,England,loan transfer
Central Midfield,26,1,Italy,Italy,loan transfer
Left Winger,25,1,Denmark,Portugal,loan transfer
Centre-Forward,34,1,Portugal,France,free transfer
Central Midfield,32,1,France,Italy,loan transfer
Attacking Midfield,19,1,France,Switzerland,?
Right Winger,23,1,Spain,Spain,loan transfer
Attacking Midfield,27,1,Turkey,Turkey,free transfer
Right Winger,20,1,Spain,Andorra,loan transfer
Left-Back,27,1,Monaco,Italy,free transfer
Right Winger,21,1,Italy,Italy,loan transfer
Attacking Midfield,26,1,Croatia,Slovenia,loan transfer
Centre-Back,29,1,England,England,free transfer
Defensive Midfield,26,1,Italy,Brazil,free transfer
Left Winger,21,1,United States,Hungary,?
Defensive Midfield,23,1,Spain,Spain,loan transfer
Central Midfield,30,1,Italy,Italy,?
Right Winger,28,1,Italy,Italy,?
Centre-Forward,33,1,Italy,Saudi Arabia,free transfer
Centre-Forward,31,1,Spain,China,free transfer
Left-Back,28,1,Belgium,Norway,?
Attacking Midfield,21,1,England,Spain,loan transfer
Central Midfield,22,1,England,France,?
Left Winger,29,1,Saudi Arabia,Netherlands,loan transfer
Centre-Forward,29,1,England,Cyprus,free transfer
Central Midfield,29,1,Turkey,China,free transfer
Centre-Forward,30,1,Italy,Italy,loan transfer
Centre-Back,23,1,Germany,Germany,loan transfer
Centre-Forward,24,1,France,Italy,?
Centre-Back,29,1,Italy,Spain,free transfer
Central Midfield,19,1,France,France,loan transfer
Centre-Back,33,1,England,Spain,free transfer
Centre-Back,28,1,England,France,loan transfer
Centre-Forward,27,1,Spain,Spain,?
Attacking Midfield,20,1,Germany,Belgium,1
Central Midfield,21,1,Turkey,Turkey,1
Goalkeeper,29,1,Italy,Italy,1
Central Midfield,26,1,Italy,Italy,1
Goalkeeper,29,1,Romania,Italy,0.5
Right Winger,26,1,Argentina,Argentina,0.285
Goalkeeper,31,1,Italy,Italy,free transfer
Right Midfield,25,1,Japan,Belgium,?
Centre-Back,35,1,Mexico,Paraguay,free transfer
Defensive Midfield,27,1,Italy,Israel,free transfer
Centre-Forward,30,1,Turkey,Turkey,free transfer
Right-Back,26,1,Portugal,Italy,free transfer
Central Midfield,24,1,Italy,Italy,?
Left Winger,26,1,Turkey,Turkey,?
Central Midfield,30,1,Italy,Italy,free transfer
Centre-Forward,31,1,Kazakhstan,China,free transfer
Centre-Forward,28,1,Turkey,Germany,free transfer
Right-Back,24,1,Italy,Italy,?
Centre-Back,29,1,Italy,Italy,?
Central Midfield,19,-,Portugal,Portugal,1
Centre-Forward,24,0.8,Austria,Austria,1
Centre-Back,25,1,Poland,France,1
Central Midfield,24,0.8,Germany,Bulgaria,1
Left Winger,18,0.275,Costa Rica,England,1
Defensive Midfield,23,1,Croatia,Croatia,1
Right Winger,20,1,Germany,Germany,1
Left Winger,26,1,Germany,Germany,1
Defensive Midfield,26,1,France,Sweden,1
Right-Back,27,1,Germany,Italy,1
Central Midfield,22,1,Italy,Italy,0.8
Centre-Forward,25,1,Switzerland,Germany,0.7
Attacking Midfield,32,1,Belgium,Hungary,0.5
Attacking Midfield,27,1,Czech Republic,Czech Republic,0.49
Right-Back,23,1,Romania,Romania,0.4
Defensive Midfield,28,1,Romania,Romania,0.15
Right-Back,27,1,Belarus,Serbia,0.1
Central Midfield,24,1,Romania,Romania,0.1
Left Winger,24,1,Argentina,Argentina,0.1
Left Winger,28,1,Brazil,Brazil,0.1
Goalkeeper,22,1,Poland,Cyprus,0.05
Goalkeeper,21,1,Germany,Germany,free transfer
Left-Back,27,1,Germany,Wales,free transfer
Right-Back,29,1,Turkey,Turkey,free transfer
Right Winger,19,1,Germany,Germany,loan transfer
Centre-Forward,27,1,France,France,?
Centre-Back,29,1,Brazil,Argentina,loan transfer
Left-Back,26,1,Bulgaria,Greece,free transfer
Centre-Forward,30,1,Belgium,Belgium,loan transfer
Left-Back,31,1,Brazil,Brazil,free transfer
Centre-Forward,31,1,Italy,Italy,loan transfer
Goalkeeper,26,1,Belgium,Monaco,loan transfer
Goalkeeper,30,1,South Africa,South Africa,?
Right-Back,20,1,Portugal,Italy,loan transfer
Attacking Midfield,33,1,Italy,Italy,free transfer
Right-Back,26,1,Italy,Italy,?
Defensive Midfield,30,1,Argentina,Colombia,free transfer
Centre-Back,23,1,France,Spain,?
Centre-Back,19,1,Germany,Germany,loan transfer
Central Midfield,20,1,France,France,?
Central Midfield,20,1,France,France,loan transfer
Central Midfield,21,1,Italy,Italy,loan transfer
Centre-Forward,17,-,Germany,Germany,1
Attacking Midfield,22,0.45,Brazil,Portugal,1
Left Winger,30,1,Saudi Arabia,Australia,?
Centre-Forward,31,1,England,France,2
Central Midfield,23,1,Russia,Serbia,1
Central Midfield,16,-,Denmark,Germany,1
Attacking Midfield,19,0.9,Czech Republic,Czech Republic,1
Centre-Back,24,0.8,Czech Republic,Czech Republic,1
Left Winger,20,0.7,Bulgaria,Russia,1
Centre-Forward,27,0.9,Hungary,"Korea, South",1
Right-Back,22,0.9,Norway,Denmark,1
Centre-Forward,25,1,Italy,Italy,1
Defensive Midfield,24,1,Brazil,Brazil,1
Left-Back,22,0.8,England,England,1
Left-Back,20,0.5,Norway,Netherlands,1
Centre-Forward,23,1,Turkey,Turkey,1
attack,17,-,England,England,1
Left Winger,28,1,Ecuador,Brazil,1
Left Winger,23,1,Italy,Italy,1
Centre-Forward,26,1,France,United States,1
Centre-Forward,28,1,France,France,1
Centre-Forward,24,1,Germany,Germany,1
Centre-Forward,26,1,Greece,Austria,1
Centre-Forward,25,1,Portugal,Portugal,1
Centre-Back,26,1,Germany,Czech Republic,1
Centre-Forward,25,1,Sweden,Israel,1
Centre-Back,27,1,England,Germany,0.9
Centre-Back,21,1,Belgium,Belgium,0.75
Central Midfield,24,1,Poland,Denmark,0.6
Attacking Midfield,25,1,Serbia,Bulgaria,0.5
Left Midfield,21,1,Japan,Belgium,0.5
Centre-Forward,27,1,Argentina,Argentina,0.48
Right Winger,28,1,United States,United States,0.364
Left-Back,23,1,Germany,Germany,0.35
Right Winger,27,1,Colombia,Brazil,0.3
Left-Back,20,1,Georgia,Serbia,0.3
Central Midfield,29,1,Romania,Romania,0.3
Left Winger,23,1,United Arab Emirates,Iran,0.3
Centre-Back,21,1,Belgium,Russia,0.3
Centre-Back,22,1,Poland,Germany,0.2
Central Midfield,25,1,Russia,Russia,0.12
Left-Back,23,1,France,France,free transfer
Attacking Midfield,22,1,Romania,Romania,free transfer
Defensive Midfield,30,1,Switzerland,Switzerland,free transfer
Centre-Forward,34,1,Turkey,Turkey,free transfer
Attacking Midfield,30,1,England,Wales,free transfer
Left Winger,22,1,Nigeria,Portugal,loan transfer
Central Midfield,27,1,Spain,Spain,free transfer
Left-Back,32,1,Russia,Russia,free transfer
Central Midfield,33,1,Mexico,Mexico,free transfer
Centre-Forward,25,1,Russia,Russia,free transfer
Left-Back,29,1,Czech Republic,Czech Republic,?
Left Winger,27,1,France,France,free transfer
Right Winger,32,1,Spain,Mexico,free transfer
Attacking Midfield,22,1,England,England,free transfer
Left-Back,34,1,Mexico,Mexico,free transfer
Attacking Midfield,24,1,France,France,free transfer
Central Midfield,28,1,England,England,free transfer
Centre-Back,24,1,Greece,Poland,loan transfer
Centre-Forward,29,1,Spain,Croatia,free transfer
Centre-Forward,29,1,Serbia,Serbia,free transfer
Central Midfield,27,1,Spain,Spain,free transfer
Left Winger,25,1,France,France,loan transfer
Right-Back,30,1,Germany,Germany,?
Attacking Midfield,22,1,Mexico,Mexico,free transfer
Centre-Back,27,1,France,France,free transfer
Goalkeeper,31,1,Switzerland,Switzerland,?
Defensive Midfield,31,1,Saudi Arabia,United Arab Emirates,free transfer
Centre-Back,20,1,Italy,Italy,loan transfer
Right-Back,29,1,Ukraine,Ukraine,free transfer
Goalkeeper,28,1,France,France,?
Centre-Back,22,1,Greece,Serbia,?
Attacking Midfield,28,1,Russia,Netherlands,free transfer
Attacking Midfield,23,1,Italy,Belgium,?
Central Midfield,26,1,Italy,Italy,?
Centre-Forward,23,1,England,England,loan transfer
Attacking Midfield,21,1,Germany,Turkey,?
Right Winger,28,1,Russia,Turkey,free transfer
Defensive Midfield,28,1,Brazil,Mexico,?
Attacking Midfield,29,1,Mexico,Argentina,loan transfer
Centre-Back,21,1,Brazil,Colombia,loan transfer
Right Winger,30,1,Germany,Poland,free transfer
Centre-Back,25,1,Belgium,Belgium,free transfer
Central Midfield,29,1,Romania,Turkey,free transfer
Central Midfield,24,1,Argentina,Argentina,loan transfer
Central Midfield,32,1,England,Wales,free transfer
Central Midfield,27,1,Spain,Spain,free transfer
Centre-Back,29,1,Spain,Cyprus,free transfer
Left Winger,29,1,France,Cyprus,free transfer
Centre-Forward,30,1,Greece,Turkey,free transfer
Centre-Forward,22,1,Netherlands,Portugal,loan transfer
Attacking Midfield,24,1,Ukraine,Turkey,free transfer
Centre-Forward,27,1,Spain,Greece,free transfer
Left Winger,31,1,Qatar,Qatar,loan transfer
Centre-Back,30,1,Spain,Spain,free transfer
Central Midfield,28,1,France,France,free transfer
Right-Back,23,1,Italy,Switzerland,loan transfer
Left Winger,28,1,Saudi Arabia,United Arab Emirates,free transfer
Centre-Forward,18,1,England,England,free transfer
Defensive Midfield,23,1,France,Portugal,free transfer
Left Winger,27,1,Greece,Cyprus,free transfer
Left Winger,24,1,Belgium,Spain,loan transfer
Defensive Midfield,33,1,Egypt,Saudi Arabia,free transfer
Defensive Midfield,35,1,Turkey,Saudi Arabia,free transfer
Defensive Midfield,28,1,Turkey,Turkey,?
Centre-Back,29,1,Spain,Spain,free transfer
Centre-Forward,33,1,Saudi Arabia,Saudi Arabia,free transfer
Attacking Midfield,23,1,Germany,Germany,loan transfer
Defensive Midfield,29,1,Mexico,Brazil,loan transfer
Right Winger,32,1,Ecuador,Saudi Arabia,?
Right-Back,30,1,England,United States,free transfer
Right-Back,26,1,Germany,Germany,free transfer
Centre-Forward,20,1,Germany,Turkey,loan transfer
Centre-Back,30,1,Brazil,Turkey,free transfer
Right Winger,30,1,Egypt,Morocco,free transfer
Centre-Forward,25,1,Brazil,Japan,loan transfer
Centre-Back,26,1,Spain,Spain,loan transfer
Centre-Forward,20,1,France,Portugal,loan transfer
Central Midfield,31,1,Italy,Italy,?
Centre-Forward,30,1,Germany,England,?
Centre-Forward,26,1,England,England,loan transfer
Goalkeeper,27,1,England,Turkey,loan transfer
Centre-Forward,30,1,France,Cyprus,free transfer
Centre-Back,21,1,Wales,England,loan transfer
Centre-Forward,21,1,France,Belgium,loan transfer
Centre-Forward,19,1,Italy,Belgium,loan transfer
Centre-Forward,32,1,Turkey,Saudi Arabia,loan transfer
Attacking Midfield,33,1,Netherlands,Netherlands,free transfer
Defensive Midfield,32,1,Greece,Russia,free transfer
Right-Back,29,1,England,England,free transfer
Right Winger,21,1,Monaco,France,loan transfer
Right-Back,26,1,Netherlands,Bulgaria,?
Left Winger,24,1,France,Switzerland,?
Centre-Forward,32,1,Greece,Cyprus,free transfer
Central Midfield,26,1,Italy,Italy,loan transfer
Right Winger,25,1,Portugal,Spain,loan transfer
Defensive Midfield,20,1,Germany,Netherlands,loan transfer
Defensive Midfield,32,1,Saudi Arabia,Spain,free transfer
Left-Back,25,1,Colombia,Spain,loan transfer
Attacking Midfield,32,1,France,France,free transfer
Defensive Midfield,26,1,Italy,Italy,?
Centre-Back,26,1,Italy,Italy,?
Central Midfield,29,1,Romania,Romania,free transfer
Centre-Back,27,1,Netherlands,Israel,?
Left-Back,19,0.95,Turkey,Turkey,1
Goalkeeper,29,1,Italy,Italy,1
Right-Back,27,1,Austria,Switzerland,1
Left Winger,23,1,Romania,Romania,0.1
Defensive Midfield,30,1,Turkey,Turkey,free transfer
Defensive Midfield,25,1,Turkey,Netherlands,free transfer
Central Midfield,30,1,Colombia,Argentina,free transfer
Centre-Back,28,1,Turkey,Turkey,loan transfer
Central Midfield,29,1,Colombia,Paraguay,?
Attacking Midfield,25,1,Brazil,Brazil,loan transfer
Defensive Midfield,26,1,Brazil,Brazil,loan transfer
Centre-Forward,25,1,Italy,Italy,loan transfer
Goalkeeper,26,0.3,Denmark,Denmark,1
Goalkeeper,23,0.5,Egypt,Egypt,1
Left Winger,23,1,Paraguay,Mexico,2
Centre-Forward,26,1,England,England,2
Left-Back,20,1,Sweden,France,1
Left-Back,27,0.6,Italy,Italy,1
Centre-Forward,23,0.7,Slovakia,Denmark,1
Central Midfield,22,1,England,England,1
Centre-Forward,21,0.8,Portugal,Belgium,1
Centre-Forward,23,1,Portugal,Portugal,1
Left Winger,18,0.75,Germany,Switzerland,1
Goalkeeper,24,0.9,Netherlands,United States,1
Centre-Forward,23,0.5,Switzerland,Switzerland,1
Centre-Back,22,0.8,Netherlands,Netherlands,1
Central Midfield,24,0.5,Spain,Spain,1
Second Striker,17,0.5,Spain,Spain,1
Centre-Back,21,0.75,Italy,Netherlands,1
Right-Back,23,1,Belgium,England,1
Defensive Midfield,17,-,Germany,Germany,1
Centre-Back,26,0.9,Hungary,Italy,1
Right Winger,22,0.4,Slovenia,Norway,1
Centre-Back,19,1,France,Portugal,1
Centre-Back,18,-,Serbia,Italy,1
Central Midfield,27,1,United States,Spain,1
Centre-Back,27,1,Czech Republic,Czech Republic,1
Right Winger,19,0.4,Italy,Italy,1
Centre-Back,17,-,Germany,Italy,1
Centre-Back,21,0.7,Brazil,Bulgaria,1
Centre-Forward,27,0.65,Azerbaijan,France,1
Defensive Midfield,23,0.6,Portugal,Portugal,1
Right-Back,17,0.2,France,France,1
Left-Back,30,0.4,Denmark,Denmark,1
Defensive Midfield,19,0.7,France,England,1
Right Winger,25,0.9,Belgium,Ukraine,1
Right Winger,22,0.8,Slovenia,Ukraine,1
Centre-Forward,30,1,"Korea, South",Japan,0.96
Centre-Back,31,1,Greece,Saudi Arabia,0.85
Left Winger,25,1,Czech Republic,Czech Republic,0.8
Defensive Midfield,23,1,Croatia,Ukraine,0.8
Defensive Midfield,24,1,Netherlands,Netherlands,0.75
Centre-Back,21,1,Germany,Denmark,0.67
Goalkeeper,22,1,Italy,Portugal,0.65
Left Winger,19,1,Sweden,Netherlands,0.6
Centre-Forward,29,1,Ecuador,Brazil,0.58
Right Winger,25,1,United States,Netherlands,0.5
Attacking Midfield,29,1,Ukraine,Ukraine,0.5
Left Winger,21,1,Spain,Portugal,0.5
Attacking Midfield,21,1,Denmark,Belgium,0.5
Centre-Back,24,1,Poland,Germany,0.5
Centre-Back,25,1,France,France,0.5
Left-Back,25,1,Spain,Ukraine,0.5
Centre-Back,29,1,United States,Turkey,0.495
Left Winger,24,1,Greece,Netherlands,0.45
Right-Back,24,1,Sweden,Italy,0.4
Goalkeeper,24,1,Brazil,Brazil,0.35
Defensive Midfield,18,1,United States,Belgium,0.35
Centre-Forward,17,1,Germany,Spain,0.3
Left Winger,27,1,Turkey,United States,0.273
Right Winger,30,1,Romania,Iran,0.2
Centre-Back,24,1,Greece,Portugal,0.2
Right Winger,21,1,Ukraine,Poland,0.1
Defensive Midfield,26,1,Brazil,Qatar,0.05
Defensive Midfield,21,1,Germany,Netherlands,free transfer
Left-Back,24,1,Germany,Germany,free transfer
Right Winger,25,1,Denmark,Denmark,free transfer
Centre-Back,30,1,Belgium,Malaysia,free transfer
Centre-Back,29,1,Germany,Germany,free transfer
Centre-Forward,30,1,Spain,Sweden,free transfer
Centre-Back,35,1,France,Australia,free transfer
Right Winger,30,1,England,England,free transfer
Defensive Midfield,24,1,Germany,Germany,free transfer
Goalkeeper,34,1,Germany,Switzerland,free transfer
Centre-Back,34,1,France,France,free transfer
Right-Back,25,1,Greece,Germany,free transfer
Right Winger,31,1,Mexico,Brazil,free transfer
Central Midfield,30,1,Turkey,Turkey,free transfer
Centre-Forward,26,1,Mexico,Chile,loan transfer
Central Midfield,25,1,Austria,Austria,free transfer
Attacking Midfield,30,1,England,England,free transfer
Right Winger,26,1,Portugal,France,free transfer
Centre-Back,30,1,England,England,free transfer
Goalkeeper,29,1,Belgium,Iran,free transfer
Right Winger,25,1,Spain,Spain,free transfer
Goalkeeper,29,1,Mexico,Mexico,?
Right Winger,25,1,Germany,Germany,free transfer
Centre-Forward,21,1,Mexico,Mexico,free transfer
Centre-Back,26,1,Romania,Romania,free transfer
Centre-Forward,28,1,Czech Republic,Czech Republic,free transfer
